oid,lat,lng,time,occ
442,37.7946,-122.39546000000001,2008-05-21 23:43:25,0
442,37.79448,-122.39544,2008-05-21 23:42:43,1
442,37.79345,-122.39636000000002,2008-05-21 23:41:43,1
442,37.79368,-122.39702,2008-05-21 23:40:54,1
442,37.7933,-122.39916000000001,2008-05-21 23:39:53,1
442,37.79168,-122.40158000000001,2008-05-21 23:38:49,1
442,37.792320000000004,-122.40355,2008-05-21 23:37:48,1
442,37.79241,-122.40616000000001,2008-05-21 23:37:00,1
442,37.79168,-122.40931,2008-05-21 23:35:48,1
442,37.792640000000006,-122.41445,2008-05-21 23:34:03,1
442,37.79275,-122.41441999999999,2008-05-21 23:33:02,0
442,37.79294,-122.41275,2008-05-21 23:32:01,0
442,37.792,-122.41018000000001,2008-05-21 23:30:45,0
442,37.792159999999996,-122.40725,2008-05-21 23:29:39,0
442,37.7924,-122.40405,2008-05-21 23:28:40,0
442,37.79286,-122.4031,2008-05-21 23:27:41,0
442,37.79462,-122.40061999999999,2008-05-21 23:26:40,0
442,37.79535,-122.40025,2008-05-21 23:25:38,0
442,37.797709999999995,-122.40081,2008-05-21 23:24:37,0
442,37.800270000000005,-122.40138999999999,2008-05-21 23:23:37,0
442,37.80314,-122.40223,2008-05-21 23:22:42,0
442,37.80212,-122.40293,2008-05-21 23:21:43,0
442,37.80213,-122.40293999999999,2008-05-21 23:21:33,1
442,37.79825,-122.40216000000001,2008-05-21 23:20:38,1
442,37.79609,-122.40486000000001,2008-05-21 23:19:37,1
442,37.79463,-122.40468999999999,2008-05-21 23:18:37,1
442,37.791920000000005,-122.4042,2008-05-21 23:17:38,1
442,37.79132,-122.40422,2008-05-21 23:17:11,1
442,37.7888,-122.40371,2008-05-21 23:16:36,1
442,37.788740000000004,-122.40484,2008-05-21 23:15:43,1
442,37.78942,-122.40708000000001,2008-05-21 23:14:42,1
442,37.78952,-122.40693999999999,2008-05-21 23:14:14,0
442,37.78948,-122.40688999999999,2008-05-21 23:13:07,0
442,37.78957,-122.40691000000001,2008-05-21 23:12:10,0
442,37.78976,-122.40688,2008-05-21 23:11:06,0
442,37.790040000000005,-122.40693999999999,2008-05-21 23:10:06,0
442,37.78938,-122.4067,2008-05-21 23:09:06,0
442,37.790009999999995,-122.40403,2008-05-21 23:08:06,0
442,37.78735,-122.40318,2008-05-21 23:07:06,0
442,37.786970000000004,-122.40172,2008-05-21 23:06:11,0
442,37.787079999999996,-122.40167,2008-05-21 23:06:04,1
442,37.787620000000004,-122.40093,2008-05-21 23:05:14,1
442,37.790820000000004,-122.40248000000001,2008-05-21 23:04:13,1
442,37.790690000000005,-122.40541,2008-05-21 23:03:32,1
442,37.78958,-122.41292,2008-05-21 23:02:19,1
442,37.78897,-122.41774,2008-05-21 23:01:46,1
442,37.78886,-122.42218999999999,2008-05-21 23:00:37,1
442,37.79291,-122.42296,2008-05-21 22:59:35,1
442,37.7948,-122.42376999999999,2008-05-21 22:58:35,1
442,37.79452,-122.42593000000001,2008-05-21 22:57:37,1
442,37.79442,-122.42588,2008-05-21 22:56:51,0
442,37.79461,-122.42528,2008-05-21 22:55:44,0
442,37.79322,-122.42459,2008-05-21 22:55:13,0
442,37.78908,-122.42376000000002,2008-05-21 22:54:22,0
442,37.787690000000005,-122.42355,2008-05-21 22:53:22,0
442,37.7837,-122.42267,2008-05-21 22:52:24,0
442,37.78144,-122.42228,2008-05-21 22:52:00,0
442,37.77763,-122.4214,2008-05-21 22:51:04,0
442,37.77754,-122.41875,2008-05-21 22:50:19,0
442,37.77613,-122.41453,2008-05-21 22:49:03,0
442,37.77633,-122.41156000000001,2008-05-21 22:48:00,0
442,37.78144,-122.4038,2008-05-21 22:46:15,0
442,37.78472,-122.4007,2008-05-21 22:44:54,0
442,37.78471,-122.40069,2008-05-21 22:44:51,1
442,37.785779999999995,-122.39958999999999,2008-05-21 22:44:18,1
442,37.78931,-122.40257,2008-05-21 22:42:17,1
442,37.788340000000005,-122.40825,2008-05-21 22:41:13,1
442,37.78735,-122.41657,2008-05-21 22:40:12,1
442,37.78678,-122.4202,2008-05-21 22:39:12,1
442,37.786559999999994,-122.42499,2008-05-21 22:38:23,1
442,37.787240000000004,-122.42582,2008-05-21 22:37:41,1
442,37.787240000000004,-122.42585,2008-05-21 22:37:27,0
442,37.787240000000004,-122.42589,2008-05-21 22:36:27,0
442,37.78722,-122.42588,2008-05-21 22:35:47,0
442,37.78709,-122.42582,2008-05-21 22:34:03,0
442,37.78699,-122.42618999999999,2008-05-21 22:33:05,0
442,37.78585,-122.42308,2008-05-21 22:32:11,0
442,37.78568,-122.42243,2008-05-21 22:31:47,0
442,37.78613,-122.41734,2008-05-21 22:30:51,0
442,37.786770000000004,-122.41295,2008-05-21 22:29:50,0
442,37.7876,-122.4083,2008-05-21 22:28:49,0
442,37.78763,-122.41175,2008-05-21 22:27:44,0
442,37.7875,-122.40621999999999,2008-05-21 22:26:43,0
442,37.78758,-122.40333999999999,2008-05-21 22:25:47,0
442,37.78608,-122.40183,2008-05-21 22:24:58,0
442,37.78481,-122.40006000000001,2008-05-21 22:23:59,0
442,37.77967,-122.3937,2008-05-21 22:21:57,0
442,37.776990000000005,-122.39513000000001,2008-05-21 22:21:00,0
442,37.77471,-122.39801000000001,2008-05-21 22:20:04,0
442,37.77159,-122.4013,2008-05-21 22:19:00,0
442,37.769729999999996,-122.40301000000001,2008-05-21 22:18:04,0
442,37.76741,-122.40279,2008-05-21 22:17:34,0
442,37.76354,-122.40245,2008-05-21 22:16:38,0
442,37.7609,-122.40217,2008-05-21 22:15:33,0
442,37.75694,-122.40182,2008-05-21 22:14:33,0
442,37.75193,-122.40135,2008-05-21 22:13:33,0
442,37.75112,-122.39752,2008-05-21 22:12:39,0
442,37.74984,-122.39594,2008-05-21 22:11:33,0
442,37.74986,-122.39594,2008-05-21 22:10:33,0
442,37.749959999999994,-122.39535,2008-05-21 22:09:33,0
442,37.75184,-122.3949,2008-05-21 22:08:33,0
442,37.751459999999994,-122.39473000000001,2008-05-21 22:07:33,0
442,37.751459999999994,-122.39473000000001,2008-05-21 22:06:32,0
442,37.751459999999994,-122.39473999999998,2008-05-21 22:05:58,0
442,37.751459999999994,-122.39475,2008-05-21 22:05:02,0
442,37.751459999999994,-122.39473999999998,2008-05-21 22:03:51,0
442,37.75147,-122.39471,2008-05-21 22:03:16,0
442,37.751459999999994,-122.39473000000001,2008-05-21 22:02:16,0
442,37.751459999999994,-122.39473000000001,2008-05-21 22:01:15,0
442,37.751459999999994,-122.39473000000001,2008-05-21 22:00:15,0
442,37.75147,-122.39473000000001,2008-05-21 21:59:28,0
442,37.75147,-122.39473000000001,2008-05-21 21:58:15,0
442,37.75147,-122.39473000000001,2008-05-21 21:57:15,0
442,37.751459999999994,-122.39471999999999,2008-05-21 21:56:20,0
442,37.751459999999994,-122.39471999999999,2008-05-21 21:55:15,0
442,37.75145,-122.39471999999999,2008-05-21 21:54:14,0
442,37.75145,-122.39473000000001,2008-05-21 21:53:14,0
442,37.751459999999994,-122.39473000000001,2008-05-21 21:52:13,0
442,37.751459999999994,-122.39471999999999,2008-05-21 21:51:18,0
442,37.75147,-122.39473000000001,2008-05-21 21:50:26,0
442,37.75147,-122.39473000000001,2008-05-21 21:49:12,0
442,37.75147,-122.39473000000001,2008-05-21 21:48:12,0
442,37.75147,-122.39473000000001,2008-05-21 21:47:12,0
442,37.75147,-122.39473000000001,2008-05-21 21:46:12,0
442,37.75145,-122.39473000000001,2008-05-21 21:45:12,0
442,37.75145,-122.39473000000001,2008-05-21 21:44:12,0
442,37.751459999999994,-122.39473000000001,2008-05-21 21:43:12,0
442,37.751459999999994,-122.39471999999999,2008-05-21 21:42:13,0
442,37.751459999999994,-122.39471999999999,2008-05-21 21:41:12,0
442,37.751459999999994,-122.39471,2008-05-21 21:40:13,0
442,37.75145,-122.39471,2008-05-21 21:39:16,0
442,37.75145,-122.39471,2008-05-21 21:38:42,0
442,37.751459999999994,-122.39471999999999,2008-05-21 21:37:41,0
442,37.75145,-122.39471999999999,2008-05-21 21:36:41,0
442,37.751459999999994,-122.39471999999999,2008-05-21 21:35:44,0
442,37.75147,-122.39471,2008-05-21 21:34:39,0
442,37.75147,-122.3947,2008-05-21 21:33:39,0
442,37.75147,-122.39471,2008-05-21 21:32:39,0
442,37.751459999999994,-122.39471,2008-05-21 21:31:39,0
442,37.751459999999994,-122.39475,2008-05-21 21:30:39,0
442,37.751459999999994,-122.39473999999998,2008-05-21 21:29:48,0
442,37.75145,-122.39473000000001,2008-05-21 21:28:39,0
442,37.75145,-122.39473000000001,2008-05-21 21:27:39,0
442,37.75145,-122.39471,2008-05-21 21:26:38,0
442,37.75147,-122.39471,2008-05-21 21:25:38,0
442,37.75145,-122.39471,2008-05-21 21:24:37,0
442,37.75145,-122.39471999999999,2008-05-21 21:23:45,0
442,37.75145,-122.39471,2008-05-21 21:22:42,0
442,37.75145,-122.39471,2008-05-21 21:21:37,0
442,37.75144,-122.39471,2008-05-21 21:20:41,0
442,37.75144,-122.39471999999999,2008-05-21 21:19:42,0
442,37.751459999999994,-122.39471,2008-05-21 21:18:41,0
442,37.75143,-122.39473000000001,2008-05-21 21:17:35,0
442,37.75142,-122.39473000000001,2008-05-21 21:16:35,0
442,37.75145,-122.39471,2008-05-21 21:15:34,0
442,37.751459999999994,-122.3947,2008-05-21 21:14:38,0
442,37.75145,-122.39471999999999,2008-05-21 21:13:34,0
442,37.751459999999994,-122.39471999999999,2008-05-21 21:12:39,0
442,37.75144,-122.39471999999999,2008-05-21 21:11:43,0
442,37.75144,-122.39473000000001,2008-05-21 21:10:33,0
442,37.75144,-122.39473000000001,2008-05-21 21:09:37,0
442,37.75144,-122.39471999999999,2008-05-21 21:08:31,0
442,37.75144,-122.39473000000001,2008-05-21 21:07:31,0
442,37.75144,-122.39471999999999,2008-05-21 21:06:30,0
442,37.75144,-122.39471999999999,2008-05-21 21:06:00,0
442,37.75144,-122.39473000000001,2008-05-21 21:05:05,0
442,37.75144,-122.39473000000001,2008-05-21 21:04:00,0
442,37.75144,-122.39473000000001,2008-05-21 21:03:00,0
442,37.75144,-122.39471999999999,2008-05-21 21:02:00,0
442,37.75144,-122.39473000000001,2008-05-21 21:01:09,0
442,37.75144,-122.39473000000001,2008-05-21 21:00:05,0
442,37.75144,-122.39473000000001,2008-05-21 20:59:00,0
442,37.75144,-122.39473000000001,2008-05-21 20:58:04,0
442,37.75144,-122.39473000000001,2008-05-21 20:56:59,0
442,37.75143,-122.39471999999999,2008-05-21 20:56:00,0
442,37.75144,-122.39473000000001,2008-05-21 20:55:05,0
442,37.75145,-122.39473000000001,2008-05-21 20:53:59,0
442,37.75128,-122.39471,2008-05-21 20:53:14,0
442,37.75135,-122.3948,2008-05-21 20:52:09,0
442,37.75127,-122.39477,2008-05-21 20:51:09,0
442,37.75134,-122.39481,2008-05-21 20:50:09,0
442,37.75139,-122.39477,2008-05-21 20:49:44,0
442,37.751709999999996,-122.3947,2008-05-21 20:48:49,0
442,37.75131,-122.39465,2008-05-21 20:47:06,0
442,37.75124,-122.39453,2008-05-21 20:46:00,0
442,37.75136,-122.39451000000001,2008-05-21 20:44:29,0
442,37.7511,-122.3946,2008-05-21 20:43:44,0
442,37.75114,-122.3946,2008-05-21 20:42:34,0
442,37.7512,-122.39466999999999,2008-05-21 20:41:27,0
442,37.751329999999996,-122.39453999999999,2008-05-21 20:40:27,0
442,37.75136,-122.39448999999999,2008-05-21 20:39:32,0
442,37.75139,-122.39442,2008-05-21 20:38:27,0
442,37.75141,-122.39461999999999,2008-05-21 20:37:32,0
442,37.751259999999995,-122.39523,2008-05-21 20:36:31,0
442,37.75131,-122.3953,2008-05-21 20:35:27,0
442,37.75128,-122.39533,2008-05-21 20:34:32,0
442,37.75131,-122.39531000000001,2008-05-21 20:33:26,0
442,37.751259999999995,-122.39532,2008-05-21 20:32:34,0
442,37.75132,-122.39535,2008-05-21 20:31:25,0
442,37.75062,-122.39343000000001,2008-05-21 20:30:36,0
442,37.7582,-122.39253000000001,2008-05-21 20:29:24,0
442,37.77125,-122.3982,2008-05-21 20:28:44,0
442,37.77612,-122.4027,2008-05-21 20:27:51,0
442,37.77968,-122.40709,2008-05-21 20:26:41,0
442,37.78247,-122.41085,2008-05-21 20:25:41,0
442,37.78368,-122.41601000000001,2008-05-21 20:24:40,0
442,37.7864,-122.41636000000001,2008-05-21 20:23:40,0
442,37.78448,-122.41423,2008-05-21 20:22:57,0
442,37.7837,-122.41573000000001,2008-05-21 20:21:53,0
442,37.78525,-122.41616,2008-05-21 20:20:48,0
442,37.785379999999996,-122.41633999999999,2008-05-21 20:19:47,0
442,37.78539,-122.41633999999999,2008-05-21 20:19:46,1
442,37.78553,-122.41651999999999,2008-05-21 20:19:24,1
442,37.78498,-122.41908000000001,2008-05-21 20:18:19,1
442,37.781490000000005,-122.4203,2008-05-21 20:17:18,1
442,37.78157,-122.41978,2008-05-21 20:16:18,1
442,37.78161,-122.4198,2008-05-21 20:15:17,1
442,37.78158,-122.41973,2008-05-21 20:14:17,1
442,37.78161,-122.41982,2008-05-21 20:13:41,1
442,37.78157,-122.41981000000001,2008-05-21 20:12:57,1
442,37.78139,-122.41943,2008-05-21 20:11:41,1
442,37.784859999999995,-122.41946000000002,2008-05-21 20:10:41,1
442,37.785990000000005,-122.4149,2008-05-21 20:09:55,1
442,37.78626,-122.41984,2008-05-21 20:08:40,1
442,37.78968,-122.42012,2008-05-21 20:07:41,1
442,37.78978,-122.42017,2008-05-21 20:06:45,1
442,37.79016,-122.42033,2008-05-21 20:05:44,1
442,37.78983,-122.41986000000001,2008-05-21 20:04:44,1
442,37.78954,-122.42035,2008-05-21 20:03:40,1
442,37.7905,-122.42047,2008-05-21 20:02:43,1
442,37.79159,-122.42063999999999,2008-05-21 20:01:41,1
442,37.79168,-122.42078000000001,2008-05-21 20:00:41,1
442,37.79567,-122.42173000000001,2008-05-21 19:59:57,1
442,37.79567,-122.42173000000001,2008-05-21 19:59:42,1
442,37.79971,-122.42283,2008-05-21 19:58:38,1
442,37.79963,-122.4235,2008-05-21 19:57:38,1
442,37.79957,-122.42343999999999,2008-05-21 19:56:37,1
442,37.79957,-122.42343999999999,2008-05-21 19:55:37,1
442,37.79937,-122.42433,2008-05-21 19:54:37,1
442,37.80068,-122.42452,2008-05-21 19:53:59,0
442,37.80039,-122.43146000000002,2008-05-21 19:53:05,0
442,37.79833,-122.43573,2008-05-21 19:52:00,0
442,37.79833,-122.43573,2008-05-21 19:51:59,1
442,37.7978,-122.43562,2008-05-21 19:51:10,1
442,37.79792,-122.42924,2008-05-21 19:50:01,1
442,37.798359999999995,-122.42562,2008-05-21 19:49:01,1
442,37.7983,-122.42456999999999,2008-05-21 19:48:00,1
442,37.79828,-122.4245,2008-05-21 19:47:04,1
442,37.79721,-122.42532,2008-05-21 19:46:00,1
442,37.79275,-122.42431,2008-05-21 19:45:05,1
442,37.79101,-122.41731000000001,2008-05-21 19:43:59,1
442,37.79143,-122.41416000000001,2008-05-21 19:42:58,1
442,37.79208,-122.40915,2008-05-21 19:41:58,1
442,37.79208,-122.40323000000001,2008-05-21 19:40:58,1
442,37.79208,-122.40323000000001,2008-05-21 19:40:57,0
442,37.79208,-122.40323000000001,2008-05-21 19:40:56,1
442,37.79265,-122.40348,2008-05-21 19:40:02,1
442,37.79268,-122.40348999999999,2008-05-21 19:39:54,1
442,37.791990000000006,-122.40993,2008-05-21 19:39:01,1
442,37.79157,-122.41266999999999,2008-05-21 19:38:01,1
442,37.790929999999996,-122.41743000000001,2008-05-21 19:37:05,1
442,37.7906,-122.42093999999999,2008-05-21 19:36:01,1
442,37.786159999999995,-122.42315,2008-05-21 19:35:05,1
442,37.7799,-122.42187,2008-05-21 19:34:05,1
442,37.77405,-122.42075,2008-05-21 19:33:02,1
442,37.7696,-122.42452,2008-05-21 19:32:00,1
442,37.7678,-122.42452,2008-05-21 19:31:00,1
442,37.76781,-122.42456999999999,2008-05-21 19:30:03,0
442,37.76781,-122.42456000000001,2008-05-21 19:29:04,0
442,37.76785,-122.42458,2008-05-21 19:28:03,0
442,37.76794,-122.4252,2008-05-21 19:27:03,0
442,37.76748,-122.42894,2008-05-21 19:26:02,0
442,37.76798,-122.42906,2008-05-21 19:25:40,0
442,37.76872,-122.42845,2008-05-21 19:24:45,0
442,37.76872,-122.42846000000002,2008-05-21 19:23:40,0
442,37.76872,-122.42846999999999,2008-05-21 19:22:40,0
442,37.76903,-122.42916000000001,2008-05-21 19:21:46,0
442,37.77218,-122.42886000000001,2008-05-21 19:20:39,0
442,37.77223,-122.42884,2008-05-21 19:19:40,0
442,37.77089,-122.43023000000001,2008-05-21 19:18:41,0
442,37.768,-122.42893000000001,2008-05-21 19:17:38,0
442,37.76798,-122.42894,2008-05-21 19:17:25,1
442,37.76685,-122.4267,2008-05-21 19:16:21,1
442,37.7705,-122.42528,2008-05-21 19:15:29,1
442,37.77367,-122.42135,2008-05-21 19:14:25,1
442,37.776759999999996,-122.41729,2008-05-21 19:13:20,1
442,37.78003,-122.41516999999999,2008-05-21 19:12:21,1
442,37.78362,-122.41577,2008-05-21 19:11:24,1
442,37.7838,-122.41596000000001,2008-05-21 19:11:07,0
442,37.78562,-122.41636000000001,2008-05-21 19:10:06,0
442,37.78722,-122.40972,2008-05-21 19:09:13,0
442,37.78686,-122.41143000000001,2008-05-21 19:07:49,0
442,37.78488,-122.41113,2008-05-21 19:06:44,0
442,37.7837,-122.41481999999999,2008-05-21 19:05:44,0
442,37.783559999999994,-122.41558,2008-05-21 19:05:43,1
442,37.783429999999996,-122.41613999999998,2008-05-21 19:05:07,1
442,37.78291,-122.42085,2008-05-21 19:04:01,1
442,37.78069,-122.42211999999999,2008-05-21 19:03:01,1
442,37.77601,-122.42103999999999,2008-05-21 19:02:05,1
442,37.77312,-122.42183,2008-05-21 19:01:07,1
442,37.7714,-122.42253000000001,2008-05-21 19:00:01,1
442,37.769729999999996,-122.42236000000001,2008-05-21 18:59:05,1
442,37.76645,-122.42198,2008-05-21 18:58:34,1
442,37.76165,-122.42151000000001,2008-05-21 18:57:19,1
442,37.76166,-122.42151000000001,2008-05-21 18:57:18,0
442,37.75888,-122.42125,2008-05-21 18:56:22,0
442,37.75545,-122.41875,2008-05-21 18:55:12,0
442,37.749829999999996,-122.41818,2008-05-21 18:54:21,0
442,37.74908,-122.41595,2008-05-21 18:53:16,0
442,37.7484,-122.41032,2008-05-21 18:52:06,0
442,37.74944,-122.40187,2008-05-21 18:51:05,0
442,37.74941,-122.39715,2008-05-21 18:50:08,0
442,37.74559,-122.39461000000001,2008-05-21 18:49:03,0
442,37.74479,-122.39527,2008-05-21 18:48:02,0
442,37.744890000000005,-122.39527,2008-05-21 18:47:02,0
442,37.74457,-122.39525,2008-05-21 18:46:02,0
442,37.74496,-122.39523,2008-05-21 18:45:02,0
442,37.74493,-122.39536000000001,2008-05-21 18:44:14,0
442,37.74483,-122.39536000000001,2008-05-21 18:43:01,0
442,37.7451,-122.39528999999999,2008-05-21 18:42:00,0
442,37.74484,-122.39523,2008-05-21 18:40:59,0
442,37.74575,-122.39448999999999,2008-05-21 18:39:59,0
442,37.74945,-122.40057,2008-05-21 18:38:59,0
442,37.74823,-122.41185,2008-05-21 18:37:59,0
442,37.748129999999996,-122.41675,2008-05-21 18:36:59,0
442,37.74795,-122.42326000000001,2008-05-21 18:36:04,0
442,37.75122,-122.42522,2008-05-21 18:34:59,0
442,37.75632,-122.42571000000001,2008-05-21 18:33:59,0
442,37.75946,-122.42598000000001,2008-05-21 18:32:59,0
442,37.7628,-122.42998999999999,2008-05-21 18:31:58,0
442,37.76064,-122.43498999999998,2008-05-21 18:31:04,0
442,37.75927,-122.43547,2008-05-21 18:30:03,0
442,37.75927,-122.43546,2008-05-21 18:28:57,0
442,37.75925,-122.43548,2008-05-21 18:27:57,0
442,37.7593,-122.43543999999999,2008-05-21 18:26:56,0
442,37.75931,-122.43543999999999,2008-05-21 18:25:56,0
442,37.7593,-122.43545,2008-05-21 18:24:58,0
442,37.75931,-122.43543999999999,2008-05-21 18:24:07,0
442,37.75931,-122.43546,2008-05-21 18:23:07,0
442,37.75932,-122.43545,2008-05-21 18:22:07,0
442,37.75932,-122.43546,2008-05-21 18:21:07,0
442,37.75931,-122.43546,2008-05-21 18:20:06,0
442,37.75929,-122.43543999999999,2008-05-21 18:19:06,0
442,37.75929,-122.43543999999999,2008-05-21 18:18:05,0
442,37.7593,-122.43543000000001,2008-05-21 18:17:05,0
442,37.75929,-122.43543000000001,2008-05-21 18:16:07,0
442,37.75928,-122.43543999999999,2008-05-21 18:15:04,0
442,37.75927,-122.43545,2008-05-21 18:14:04,0
442,37.75928,-122.43545,2008-05-21 18:13:04,0
442,37.7593,-122.43543000000001,2008-05-21 18:12:08,0
442,37.7593,-122.43546,2008-05-21 18:11:04,0
442,37.7593,-122.43543999999999,2008-05-21 18:10:04,0
442,37.7593,-122.43543999999999,2008-05-21 18:09:08,0
442,37.7593,-122.43546,2008-05-21 18:08:04,0
442,37.7593,-122.43547,2008-05-21 18:07:03,0
442,37.75929,-122.43545,2008-05-21 18:06:03,0
442,37.75929,-122.43546,2008-05-21 18:05:08,0
442,37.75929,-122.43546,2008-05-21 18:04:07,0
442,37.75931,-122.43546,2008-05-21 18:03:03,0
442,37.75932,-122.43548,2008-05-21 18:02:03,0
442,37.75931,-122.43543999999999,2008-05-21 18:01:03,0
442,37.75927,-122.43541,2008-05-21 18:00:03,0
442,37.75931,-122.43543000000001,2008-05-21 17:59:03,0
442,37.75933,-122.43541,2008-05-21 17:58:07,0
442,37.75931,-122.43541,2008-05-21 17:57:07,0
442,37.75932,-122.43546,2008-05-21 17:56:10,0
442,37.75931,-122.43547,2008-05-21 17:55:02,0
442,37.75927,-122.43547,2008-05-21 17:54:02,0
442,37.75927,-122.43545,2008-05-21 17:53:07,0
442,37.75927,-122.43542,2008-05-21 17:52:01,0
442,37.75929,-122.43543999999999,2008-05-21 17:51:15,0
442,37.75926,-122.43547,2008-05-21 17:50:00,0
442,37.75929,-122.43545,2008-05-21 17:49:00,0
442,37.75928,-122.43547,2008-05-21 17:48:00,0
442,37.75927,-122.43547,2008-05-21 17:47:35,0
442,37.75931,-122.43541,2008-05-21 17:46:35,0
442,37.75927,-122.43543999999999,2008-05-21 17:45:35,0
442,37.75927,-122.43545,2008-05-21 17:44:42,0
442,37.75934,-122.43538999999998,2008-05-21 17:43:33,0
442,37.75933,-122.43536999999999,2008-05-21 17:42:33,0
442,37.75934,-122.43536999999999,2008-05-21 17:41:32,0
442,37.75929,-122.43547,2008-05-21 17:40:51,0
442,37.75929,-122.43547,2008-05-21 17:39:46,0
442,37.75933,-122.43543000000001,2008-05-21 17:39:00,0
442,37.75932,-122.43536,2008-05-21 17:38:00,0
442,37.759440000000005,-122.43534,2008-05-21 17:37:05,0
442,37.75943,-122.43535,2008-05-21 17:36:00,0
442,37.75935,-122.43542,2008-05-21 17:35:00,0
442,37.75934,-122.43541,2008-05-21 17:34:00,0
442,37.75936,-122.43547,2008-05-21 17:33:16,0
442,37.75935,-122.43545,2008-05-21 17:32:16,0
442,37.75935,-122.43543999999999,2008-05-21 17:31:10,0
442,37.75929,-122.4354,2008-05-21 17:30:10,0
442,37.75932,-122.43545,2008-05-21 17:29:10,0
442,37.75929,-122.43538999999998,2008-05-21 17:28:10,0
442,37.75932,-122.43543000000001,2008-05-21 17:27:10,0
442,37.75934,-122.43538000000001,2008-05-21 17:26:10,0
442,37.759209999999996,-122.43543999999999,2008-05-21 17:25:10,0
442,37.759209999999996,-122.43553,2008-05-21 17:24:10,0
442,37.75933,-122.43545,2008-05-21 17:23:16,0
442,37.75933,-122.43546,2008-05-21 17:22:14,0
442,37.75935,-122.43547,2008-05-21 17:21:10,0
442,37.75932,-122.43543999999999,2008-05-21 17:20:14,0
442,37.75936,-122.43541,2008-05-21 17:19:11,0
442,37.76051,-122.43505,2008-05-21 17:18:11,0
442,37.76182,-122.43749,2008-05-21 17:17:09,0
442,37.76213,-122.44171999999999,2008-05-21 17:16:09,0
442,37.761720000000004,-122.44918,2008-05-21 17:15:14,0
442,37.76645,-122.45013999999999,2008-05-21 17:14:09,0
442,37.7696,-122.45057,2008-05-21 17:13:24,0
442,37.76916,-122.44684,2008-05-21 17:12:24,0
442,37.76959,-122.45051000000001,2008-05-21 17:11:29,0
442,37.769890000000004,-122.44823999999998,2008-05-21 17:10:24,0
442,37.76992,-122.44813,2008-05-21 17:09:24,0
442,37.7723,-122.44586000000001,2008-05-21 17:08:30,0
442,37.77428,-122.44293,2008-05-21 17:07:30,0
442,37.77428,-122.44294,2008-05-21 17:07:29,1
442,37.77435,-122.44296000000001,2008-05-21 17:07:05,1
442,37.77213,-122.44617,2008-05-21 17:05:55,1
442,37.769690000000004,-122.44951,2008-05-21 17:04:55,1
442,37.769729999999996,-122.44958000000001,2008-05-21 17:04:46,0
442,37.76762,-122.45324,2008-05-21 17:03:46,0
442,37.76624,-122.45985,2008-05-21 17:02:46,0
442,37.76412,-122.46625,2008-05-21 17:01:45,0
442,37.76517,-122.46303,2008-05-21 17:00:47,0
442,37.76518,-122.46303,2008-05-21 17:00:43,1
442,37.76619,-122.46116,2008-05-21 16:59:50,1
442,37.772220000000004,-122.45228999999999,2008-05-21 16:58:09,1
442,37.77511,-122.45178999999999,2008-05-21 16:57:09,1
442,37.77514,-122.45175,2008-05-21 16:56:48,0
442,37.77499,-122.45473,2008-05-21 16:55:53,0
442,37.781290000000006,-122.45653999999999,2008-05-21 16:54:33,0
442,37.78086,-122.45993999999999,2008-05-21 16:53:32,0
442,37.78086,-122.45993,2008-05-21 16:53:31,1
442,37.77722,-122.45971999999999,2008-05-21 16:52:58,1
442,37.77467,-122.45461999999999,2008-05-21 16:51:52,1
442,37.77225,-122.45249,2008-05-21 16:50:52,1
442,37.773340000000005,-122.44402,2008-05-21 16:49:52,1
442,37.7743,-122.43611999999999,2008-05-21 16:48:58,1
442,37.774770000000004,-122.4322,2008-05-21 16:47:52,1
442,37.77387,-122.4308,2008-05-21 16:47:10,1
442,37.77216,-122.42983000000001,2008-05-21 16:45:56,1
442,37.77216,-122.42981999999999,2008-05-21 16:44:55,1
442,37.771770000000004,-122.43332,2008-05-21 16:43:55,1
442,37.7709,-122.4406,2008-05-21 16:43:05,1
442,37.76978,-122.44821999999999,2008-05-21 16:41:55,1
442,37.76921,-122.45329,2008-05-21 16:40:56,0
442,37.76574,-122.45281999999999,2008-05-21 16:39:56,0
442,37.764359999999996,-122.45955,2008-05-21 16:39:10,0
442,37.76398,-122.46628,2008-05-21 16:37:56,0
442,37.759370000000004,-122.46596000000001,2008-05-21 16:36:56,0
442,37.75461,-122.46566999999999,2008-05-21 16:36:01,0
442,37.75461,-122.46566999999999,2008-05-21 16:35:55,1
442,37.75461,-122.46568,2008-05-21 16:35:35,1
442,37.759,-122.46597,2008-05-21 16:34:34,1
442,37.76242,-122.46213,2008-05-21 16:33:51,1
442,37.76449,-122.45298999999999,2008-05-21 16:32:34,1
442,37.761559999999996,-122.45131,2008-05-21 16:31:34,1
442,37.761959999999995,-122.44519,2008-05-21 16:30:34,1
442,37.76238,-122.43739,2008-05-21 16:29:34,1
442,37.76233,-122.43508999999999,2008-05-21 16:28:45,1
442,37.76097,-122.43451,2008-05-21 16:27:38,0
442,37.761179999999996,-122.43066999999999,2008-05-21 16:26:34,0
442,37.760979999999996,-122.43399,2008-05-21 16:25:35,0
442,37.7609,-122.43455,2008-05-21 16:24:37,0
442,37.76092,-122.43456,2008-05-21 16:23:34,0
442,37.760909999999996,-122.43456,2008-05-21 16:22:33,0
442,37.76195,-122.43517,2008-05-21 16:21:34,0
442,37.76202,-122.43518999999999,2008-05-21 16:21:32,1
442,37.7621,-122.43521000000001,2008-05-21 16:20:53,1
442,37.7621,-122.43521000000001,2008-05-21 16:20:44,1
442,37.76959,-122.42647,2008-05-21 16:18:44,1
442,37.77145,-122.42412,2008-05-21 16:17:44,1
442,37.77262,-122.42277,2008-05-21 16:17:03,1
442,37.77856,-122.42336,2008-05-21 16:16:03,1
442,37.7855,-122.42473000000001,2008-05-21 16:15:17,1
442,37.78824,-122.42193999999999,2008-05-21 16:14:03,1
442,37.79246,-122.42281000000001,2008-05-21 16:13:14,1
442,37.79599,-122.42188,2008-05-21 16:12:08,1
442,37.797509999999996,-122.41009,2008-05-21 16:11:02,1
442,37.797959999999996,-122.40647,2008-05-21 16:10:02,1
442,37.79804,-122.40536000000002,2008-05-21 16:09:41,0
442,37.797940000000004,-122.40616999999999,2008-05-21 16:08:40,0
442,37.79596,-122.42168000000001,2008-05-21 16:06:45,0
442,37.79685,-122.42192,2008-05-21 16:05:41,0
442,37.79315,-122.42121999999999,2008-05-21 16:04:40,0
442,37.78935,-122.42048,2008-05-21 16:03:39,0
442,37.78662,-122.41994,2008-05-21 16:02:38,0
442,37.78246,-122.41781999999999,2008-05-21 16:01:46,0
442,37.78268,-122.41502,2008-05-21 16:00:38,0
442,37.78268,-122.41503,2008-05-21 16:00:37,1
442,37.78259,-122.41405,2008-05-21 16:00:07,1
442,37.781209999999994,-122.41892,2008-05-21 15:58:58,1
442,37.78069,-122.42208000000001,2008-05-21 15:58:02,1
442,37.77498,-122.4209,2008-05-21 15:56:58,1
442,37.769490000000005,-122.42636999999999,2008-05-21 15:56:12,1
442,37.76576,-122.43109,2008-05-21 15:55:02,1
442,37.76282,-122.43478,2008-05-21 15:54:02,1
442,37.76228,-122.43507,2008-05-21 15:52:57,1
442,37.76215,-122.43515,2008-05-21 15:52:37,0
442,37.76625,-122.43109,2008-05-21 15:51:20,0
442,37.767540000000004,-122.43163999999999,2008-05-21 15:50:20,0
442,37.7676,-122.43149,2008-05-21 15:49:25,0
442,37.76866,-122.42858000000001,2008-05-21 15:48:24,0
442,37.76814,-122.42881000000001,2008-05-21 15:47:25,0
442,37.76813,-122.42885,2008-05-21 15:46:18,0
442,37.76812,-122.42881000000001,2008-05-21 15:45:24,0
442,37.76812,-122.42878999999999,2008-05-21 15:44:17,0
442,37.76813,-122.4288,2008-05-21 15:43:17,0
442,37.76813,-122.42884,2008-05-21 15:42:16,0
442,37.76812,-122.42881000000001,2008-05-21 15:41:16,0
442,37.76812,-122.42878,2008-05-21 15:40:30,0
442,37.76812,-122.42878,2008-05-21 15:39:15,0
442,37.76812,-122.42878,2008-05-21 15:38:15,0
442,37.76813,-122.42884,2008-05-21 15:37:15,0
442,37.7681,-122.42871000000001,2008-05-21 15:36:14,0
442,37.76811,-122.42877,2008-05-21 15:35:13,0
442,37.76811,-122.42878,2008-05-21 15:34:13,0
442,37.7681,-122.42876000000001,2008-05-21 15:33:13,0
442,37.76812,-122.42881000000001,2008-05-21 15:32:12,0
442,37.76811,-122.42877,2008-05-21 15:31:15,0
442,37.7681,-122.42878999999999,2008-05-21 15:30:12,0
442,37.76811,-122.42878999999999,2008-05-21 15:29:12,0
442,37.76811,-122.42878,2008-05-21 15:28:49,0
442,37.76811,-122.42878,2008-05-21 15:27:47,0
442,37.76813,-122.42882,2008-05-21 15:26:43,0
442,37.76813,-122.4288,2008-05-21 15:25:43,0
442,37.76815,-122.42877,2008-05-21 15:24:42,0
442,37.76815,-122.42884,2008-05-21 15:24:07,0
442,37.768190000000004,-122.42881000000001,2008-05-21 15:23:08,0
442,37.76815,-122.42882,2008-05-21 15:22:01,0
442,37.76817,-122.42881000000001,2008-05-21 15:21:01,0
442,37.76815,-122.42876000000001,2008-05-21 15:20:00,0
442,37.76815,-122.42882,2008-05-21 15:19:06,0
442,37.76814,-122.4288,2008-05-21 15:18:06,0
442,37.76814,-122.42878,2008-05-21 15:17:07,0
442,37.76811,-122.42878,2008-05-21 15:16:06,0
442,37.76812,-122.42875,2008-05-21 15:15:06,0
442,37.76815,-122.42878999999999,2008-05-21 15:14:05,0
442,37.768159999999995,-122.42877,2008-05-21 15:13:11,0
442,37.7682,-122.42885,2008-05-21 15:12:05,0
442,37.76817,-122.42878999999999,2008-05-21 15:11:05,0
442,37.76817,-122.4288,2008-05-21 15:10:04,0
442,37.768159999999995,-122.4288,2008-05-21 15:09:04,0
442,37.768159999999995,-122.42883,2008-05-21 15:08:04,0
442,37.76815,-122.42881000000001,2008-05-21 15:07:04,0
442,37.76813,-122.42881000000001,2008-05-21 15:06:07,0
442,37.76856,-122.42806999999999,2008-05-21 15:05:04,0
442,37.76551,-122.43131000000001,2008-05-21 15:04:04,0
442,37.76314,-122.43433999999999,2008-05-21 15:03:04,0
442,37.76101,-122.43381000000001,2008-05-21 15:02:04,0
442,37.76132,-122.42872,2008-05-21 15:01:30,0
442,37.76145,-122.42566000000001,2008-05-21 15:00:27,0
442,37.76168,-122.42147,2008-05-21 14:59:12,0
442,37.76171,-122.41932,2008-05-21 14:58:05,0
442,37.75909,-122.41911,2008-05-21 14:57:05,0
442,37.75502,-122.41868999999998,2008-05-21 14:56:08,0
442,37.750440000000005,-122.41825,2008-05-21 14:55:05,0
442,37.74824,-122.41588,2008-05-21 14:54:05,0
442,37.748540000000006,-122.40839,2008-05-21 14:53:05,0
442,37.75143,-122.3949,2008-05-21 10:18:34,0
442,37.75143,-122.3949,2008-05-21 10:18:08,0
442,37.75144,-122.3949,2008-05-21 10:17:39,0
442,37.75135,-122.39542,2008-05-21 10:16:14,0
442,37.75135,-122.39541000000001,2008-05-21 10:15:29,0
442,37.75136,-122.39541000000001,2008-05-21 10:14:13,0
442,37.75139,-122.39535,2008-05-21 10:13:12,0
442,37.75131,-122.39543,2008-05-21 10:12:21,0
442,37.751020000000004,-122.39348000000001,2008-05-21 10:11:12,0
442,37.75377,-122.39218999999999,2008-05-21 10:10:17,0
442,37.76692,-122.39537,2008-05-21 10:09:17,0
442,37.7769,-122.39353,2008-05-21 10:08:26,0
442,37.780429999999996,-122.38906999999999,2008-05-21 10:07:21,0
442,37.78539,-122.38817,2008-05-21 10:06:16,0
442,37.791290000000004,-122.39073,2008-05-21 10:05:15,0
442,37.79337,-122.39345,2008-05-21 10:04:28,0
442,37.7941,-122.3954,2008-05-21 10:03:13,0
442,37.79398,-122.39522,2008-05-21 10:02:59,1
442,37.79396,-122.39522,2008-05-21 10:02:07,1
442,37.79452,-122.39578,2008-05-21 10:01:00,1
442,37.79407,-122.39832,2008-05-21 09:59:59,1
442,37.79463,-122.39986,2008-05-21 09:58:54,1
442,37.79996,-122.4013,2008-05-21 09:58:01,1
442,37.80446,-122.4027,2008-05-21 09:57:01,1
442,37.80686,-122.40643999999999,2008-05-21 09:55:58,1
442,37.80755,-122.40778,2008-05-21 09:54:53,1
442,37.80811,-122.40935,2008-05-21 09:53:53,1
442,37.80843,-122.41066000000001,2008-05-21 09:53:03,1
442,37.80835,-122.40964,2008-05-21 09:51:53,1
442,37.80835,-122.40964,2008-05-21 09:50:53,1
442,37.80835,-122.40964,2008-05-21 09:49:58,1
442,37.80835,-122.40965,2008-05-21 09:48:58,1
442,37.80834,-122.40966,2008-05-21 09:47:53,1
442,37.80833,-122.40966999999999,2008-05-21 09:46:53,1
442,37.80831,-122.40966999999999,2008-05-21 09:45:58,1
442,37.80836,-122.40968000000001,2008-05-21 09:44:59,1
442,37.80836,-122.40968000000001,2008-05-21 09:44:02,1
442,37.80835,-122.40966999999999,2008-05-21 09:42:52,1
442,37.80742,-122.40896000000001,2008-05-21 09:41:52,1
442,37.80675,-122.41386999999999,2008-05-21 09:40:56,1
442,37.80724,-122.41609,2008-05-21 09:40:01,1
442,37.80784,-122.41878999999999,2008-05-21 09:38:54,1
442,37.80798,-122.41766000000001,2008-05-21 09:37:57,1
442,37.80805,-122.41698000000001,2008-05-21 09:36:52,1
442,37.80733,-122.41563000000001,2008-05-21 09:35:56,1
442,37.80621,-122.41636000000001,2008-05-21 09:34:51,1
442,37.8061,-122.41735,2008-05-21 09:34:00,0
442,37.8057,-122.42056000000001,2008-05-21 09:32:54,0
442,37.80509,-122.42363,2008-05-21 09:31:57,0
442,37.805009999999996,-122.42363999999999,2008-05-21 09:31:00,0
442,37.80175,-122.42235,2008-05-21 09:29:58,0
442,37.80175,-122.42235,2008-05-21 09:29:52,1
442,37.80164,-122.42233999999999,2008-05-21 09:29:06,1
442,37.801629999999996,-122.42119,2008-05-21 09:28:03,1
442,37.79945,-122.42079,2008-05-21 09:27:32,1
442,37.796209999999995,-122.41986999999999,2008-05-21 09:26:32,1
442,37.79725,-122.41146,2008-05-21 09:25:59,1
442,37.797959999999996,-122.40606000000001,2008-05-21 09:24:36,1
442,37.79805,-122.40523,2008-05-21 09:23:16,1
442,37.79815,-122.40451000000002,2008-05-21 09:22:34,1
442,37.79815,-122.40451000000002,2008-05-21 09:22:16,1
442,37.79792,-122.402,2008-05-21 09:20:16,1
442,37.79657,-122.40073999999998,2008-05-21 09:20:06,1
442,37.79657,-122.40073999999998,2008-05-21 09:19:49,1
442,37.805240000000005,-122.40378,2008-05-21 09:16:19,0
442,37.80514,-122.41733,2008-05-21 09:11:20,0
442,37.80165,-122.42971999999999,2008-05-21 09:08:43,0
442,37.80149,-122.4297,2008-05-21 09:08:32,1
442,37.800909999999995,-122.42958,2008-05-21 09:08:20,1
442,37.800909999999995,-122.42957,2008-05-21 09:07:50,1
442,37.798629999999996,-122.42911000000001,2008-05-21 09:06:50,1
442,37.79568,-122.42411000000001,2008-05-21 09:04:47,1
442,37.79595,-122.42197,2008-05-21 09:04:29,1
442,37.79595,-122.42197,2008-05-21 09:03:11,1
442,37.79623,-122.41981000000001,2008-05-21 09:02:05,1
442,37.79755,-122.40966,2008-05-21 09:01:09,1
442,37.79762,-122.40558999999999,2008-05-21 08:59:03,1
442,37.79309,-122.40369,2008-05-21 08:57:37,1
442,37.7905,-122.40401999999999,2008-05-21 08:56:33,1
442,37.78717,-122.40315,2008-05-21 08:55:33,1
442,37.786559999999994,-122.4026,2008-05-21 08:54:33,1
442,37.78606,-122.40202,2008-05-21 08:53:33,1
442,37.78573,-122.40266000000001,2008-05-21 08:52:38,1
442,37.78461,-122.40444,2008-05-21 08:51:41,1
442,37.7858,-122.40598,2008-05-21 08:50:32,1
442,37.78557,-122.40652,2008-05-21 08:49:32,1
442,37.7848,-122.40693,2008-05-21 08:48:37,1
442,37.78389,-122.40793000000001,2008-05-21 08:47:36,0
442,37.78371,-122.40733,2008-05-21 08:46:36,0
442,37.78242,-122.40688999999999,2008-05-21 08:45:36,0
442,37.78066,-122.40913,2008-05-21 08:44:36,0
442,37.77733,-122.41325,2008-05-21 08:43:36,0
442,37.776759999999996,-122.41405,2008-05-21 08:42:59,0
442,37.77386,-122.41755,2008-05-21 08:42:07,0
442,37.77165,-122.41838999999999,2008-05-21 08:41:05,0
442,37.77171,-122.41842,2008-05-21 08:41:04,1
442,37.77324,-122.41843,2008-05-21 08:40:08,1
442,37.77345,-122.41775,2008-05-21 08:39:08,1
442,37.77459,-122.41685,2008-05-21 08:38:08,1
442,37.77919,-122.41512,2008-05-21 08:37:08,1
442,37.78065,-122.41436000000002,2008-05-21 08:36:13,1
442,37.78253,-122.40995,2008-05-21 08:35:09,1
442,37.78614,-122.40572,2008-05-21 08:34:07,1
442,37.788579999999996,-122.4019,2008-05-21 08:33:06,1
442,37.79029,-122.39916000000001,2008-05-21 08:32:10,1
442,37.79137,-122.39771999999999,2008-05-21 08:31:05,1
442,37.79425,-122.39591000000001,2008-05-21 08:30:04,1
442,37.79422,-122.39573999999999,2008-05-21 08:29:56,0
442,37.79422,-122.39573999999999,2008-05-21 08:29:54,1
442,37.79365,-122.39558000000001,2008-05-21 08:27:40,1
442,37.795390000000005,-122.39735,2008-05-21 08:26:39,1
442,37.7919,-122.39941,2008-05-21 08:25:44,1
442,37.78869,-122.40202,2008-05-21 08:24:39,1
442,37.78901,-122.40241999999999,2008-05-21 08:23:39,1
442,37.78872,-122.40401999999999,2008-05-21 08:22:39,1
442,37.788470000000004,-122.40493000000001,2008-05-21 08:21:57,0
442,37.78901,-122.40669,2008-05-21 08:20:51,0
442,37.78928,-122.40686000000001,2008-05-21 08:19:46,0
442,37.78914,-122.40552,2008-05-21 08:18:46,0
442,37.78922,-122.40545,2008-05-21 08:17:46,0
442,37.78918,-122.40551,2008-05-21 08:17:31,1
442,37.789159999999995,-122.40548999999999,2008-05-21 08:16:31,1
442,37.7891,-122.40533,2008-05-21 08:16:05,1
442,37.788509999999995,-122.40677,2008-05-21 08:15:10,1
442,37.78903,-122.40733,2008-05-21 08:14:05,1
442,37.78903,-122.40733,2008-05-21 08:14:01,0
442,37.789159999999995,-122.40716,2008-05-21 08:13:01,0
442,37.789809999999996,-122.4071,2008-05-21 08:12:23,0
442,37.79487,-122.40808,2008-05-21 08:11:28,0
442,37.79505,-122.40731000000001,2008-05-21 08:10:10,0
442,37.79503,-122.40728999999999,2008-05-21 08:09:58,1
442,37.79521,-122.40585,2008-05-21 08:08:18,1
442,37.79477,-122.40477,2008-05-21 08:07:18,1
442,37.79361,-122.40298,2008-05-21 08:06:31,1
442,37.79361,-122.40298,2008-05-21 08:06:17,1
442,37.79435,-122.39881000000001,2008-05-21 08:04:59,1
442,37.795759999999994,-122.39743999999999,2008-05-21 08:04:09,1
442,37.79218,-122.3972,2008-05-21 08:03:00,1
442,37.78953,-122.39778999999999,2008-05-21 08:02:06,1
442,37.7897,-122.39791000000001,2008-05-21 08:01:16,0
442,37.78722,-122.40078000000001,2008-05-21 08:00:16,0
442,37.78597,-122.40226000000001,2008-05-21 07:59:47,0
442,37.78481,-122.40466,2008-05-21 07:58:46,0
442,37.78614,-122.40632,2008-05-21 07:57:51,0
442,37.786840000000005,-122.40656000000001,2008-05-21 07:56:50,0
442,37.78785,-122.41107,2008-05-21 07:55:55,0
442,37.787659999999995,-122.41351999999999,2008-05-21 07:54:49,0
442,37.78752,-122.41474,2008-05-21 07:54:31,1
442,37.7864,-122.41465,2008-05-21 07:54:26,1
442,37.78614,-122.41468,2008-05-21 07:53:38,1
442,37.78205,-122.41396999999999,2008-05-21 07:52:34,1
442,37.77932,-122.41105,2008-05-21 07:51:33,1
442,37.77668,-122.40807,2008-05-21 07:50:32,1
442,37.77466,-122.41065,2008-05-21 07:49:32,1
442,37.77352,-122.41208999999999,2008-05-21 07:48:46,0
442,37.77272,-122.41309,2008-05-21 07:48:12,0
442,37.77202,-122.41423999999999,2008-05-21 07:47:14,0
442,37.77235,-122.41635,2008-05-21 07:46:14,0
442,37.77233,-122.41636000000001,2008-05-21 07:46:12,1
442,37.77159,-122.41657,2008-05-21 07:45:28,1
442,37.77085,-122.41238,2008-05-21 07:44:27,1
442,37.77176,-122.41123,2008-05-21 07:43:27,1
442,37.7741,-122.4082,2008-05-21 07:42:26,1
442,37.77669,-122.40491000000002,2008-05-21 07:41:25,1
442,37.77953,-122.40128,2008-05-21 07:40:28,1
442,37.784459999999996,-122.3951,2008-05-21 07:39:29,1
442,37.78586,-122.39335,2008-05-21 07:38:24,1
442,37.788309999999996,-122.39025,2008-05-21 07:37:34,1
442,37.79022,-122.39058,2008-05-21 07:36:28,1
442,37.790690000000005,-122.39254,2008-05-21 07:35:41,0
442,37.79318,-122.39331000000001,2008-05-21 07:32:50,0
442,37.79456,-122.39528,2008-05-21 07:31:36,0
442,37.79416,-122.39523999999999,2008-05-21 07:28:35,0
442,37.79343,-122.39611000000001,2008-05-21 07:27:35,0
442,37.790859999999995,-122.39808000000001,2008-05-21 07:26:45,0
442,37.79076,-122.40008999999999,2008-05-21 07:25:35,0
442,37.78957,-122.40223,2008-05-21 07:24:39,0
442,37.79064,-122.40196,2008-05-21 07:23:37,0
442,37.79096,-122.4009,2008-05-21 07:23:08,0
442,37.79077,-122.39986999999999,2008-05-21 07:22:46,0
442,37.792359999999995,-122.40097,2008-05-21 07:22:04,0
442,37.799240000000005,-122.41881000000001,2008-05-21 07:14:48,0
442,37.79892,-122.42079,2008-05-21 07:14:06,0
442,37.79892,-122.42079,2008-05-21 07:13:48,0
442,37.7989,-122.42116000000001,2008-05-21 07:13:20,0
442,37.79889,-122.42119,2008-05-21 07:13:19,1
442,37.79772,-122.42211,2008-05-21 07:12:38,1
442,37.79618,-122.41986999999999,2008-05-21 07:11:22,1
442,37.79769,-122.40843000000001,2008-05-21 07:09:25,1
442,37.79849,-122.40128,2008-05-21 07:08:23,1
442,37.793459999999996,-122.39618999999999,2008-05-21 07:06:32,1
442,37.79365,-122.39493999999999,2008-05-21 07:05:17,1
442,37.793659999999996,-122.39493999999999,2008-05-21 07:04:58,0
442,37.79353,-122.39428999999998,2008-05-21 07:02:14,0
442,37.79099,-122.39651,2008-05-21 07:00:59,0
442,37.79017,-122.3965,2008-05-21 07:00:07,0
442,37.78951,-122.39801999999999,2008-05-21 06:58:58,0
442,37.7876,-122.39906,2008-05-21 06:57:58,0
442,37.7853,-122.39658999999999,2008-05-21 06:56:58,0
442,37.7837,-122.39433000000001,2008-05-21 06:56:09,0
442,37.780840000000005,-122.39073,2008-05-21 06:55:23,0
442,37.778259999999996,-122.39336999999999,2008-05-21 06:54:18,0
442,37.77479,-122.39786000000001,2008-05-21 06:53:17,0
442,37.77131,-122.40093999999999,2008-05-21 06:52:22,0
442,37.7663,-122.39488,2008-05-21 06:51:27,0
442,37.765679999999996,-122.39486000000001,2008-05-21 06:50:22,0
442,37.763940000000005,-122.39244,2008-05-21 06:49:26,0
442,37.76012,-122.39218999999999,2008-05-21 06:48:17,0
442,37.7472,-122.39329,2008-05-21 06:47:17,0
442,37.73644,-122.40366000000002,2008-05-21 06:46:21,0
442,37.7234,-122.40087,2008-05-21 06:45:20,0
442,37.712709999999994,-122.39596999999999,2008-05-21 06:44:31,0
442,37.70237,-122.39341,2008-05-21 06:43:48,0
442,37.68905,-122.39041,2008-05-21 06:42:51,0
442,37.675670000000004,-122.38873999999998,2008-05-21 06:41:55,0
442,37.6534,-122.40682,2008-05-21 06:40:02,0
442,37.64071,-122.40561000000001,2008-05-21 06:39:02,0
442,37.62766,-122.40196,2008-05-21 06:38:05,0
442,37.61476,-122.39703,2008-05-21 06:37:17,0
442,37.61558,-122.38775,2008-05-21 06:36:11,0
442,37.614940000000004,-122.39245,2008-05-21 06:34:36,0
442,37.61776,-122.38725,2008-05-21 06:33:57,0
442,37.61795,-122.38701999999999,2008-05-21 06:33:18,1
442,37.61772,-122.38691000000001,2008-05-21 06:32:18,1
442,37.61509,-122.3868,2008-05-21 06:31:30,1
442,37.614259999999994,-122.39785,2008-05-21 06:30:17,1
442,37.627159999999996,-122.40263999999999,2008-05-21 06:29:21,1
442,37.64027,-122.40588000000001,2008-05-21 06:28:27,1
442,37.65376,-122.40722,2008-05-21 06:27:30,1
442,37.68166,-122.38902,2008-05-21 06:25:23,1
442,37.69498,-122.39204,2008-05-21 06:24:32,1
442,37.70802,-122.39495,2008-05-21 06:23:45,1
442,37.72081,-122.40014,2008-05-21 06:22:57,1
442,37.73372,-122.40503999999999,2008-05-21 06:22:10,1
442,37.74484,-122.39523999999999,2008-05-21 06:21:09,1
442,37.75849,-122.39245,2008-05-21 06:20:13,1
442,37.771159999999995,-122.39793,2008-05-21 06:19:16,1
442,37.77794,-122.39147,2008-05-21 06:18:22,1
442,37.779509999999995,-122.39038000000001,2008-05-21 06:17:15,1
442,37.78078,-122.39066000000001,2008-05-21 06:16:15,1
442,37.7847,-122.39563000000001,2008-05-21 06:15:14,1
442,37.78763,-122.39801999999999,2008-05-21 06:14:14,1
442,37.789320000000004,-122.40069,2008-05-21 06:13:13,1
442,37.78933,-122.40248000000001,2008-05-21 06:12:13,1
442,37.79102,-122.40451999999999,2008-05-21 06:11:16,0
442,37.79096,-122.40484,2008-05-21 06:10:28,0
442,37.78925,-122.40406000000002,2008-05-21 06:09:32,0
442,37.78725,-122.40418000000001,2008-05-21 06:08:28,0
442,37.78837,-122.40359,2008-05-21 06:07:53,0
442,37.78777,-122.40345,2008-05-21 06:06:47,0
442,37.7886,-122.40267,2008-05-21 06:06:26,1
442,37.79085,-122.40006000000001,2008-05-21 06:05:25,1
442,37.790729999999996,-122.40078000000001,2008-05-21 06:04:25,1
442,37.7919,-122.40128,2008-05-21 06:03:22,1
442,37.795429999999996,-122.40158999999998,2008-05-21 06:03:15,0
442,37.795429999999996,-122.40158999999998,2008-05-21 06:02:14,0
442,37.79455,-122.39655,2008-05-21 05:59:57,1
442,37.79384,-122.39581000000001,2008-05-21 05:58:50,1
442,37.792,-122.39483,2008-05-21 05:56:50,1
442,37.79128,-122.39621000000001,2008-05-21 05:56:21,0
442,37.787890000000004,-122.39965,2008-05-21 05:55:06,0
442,37.78545,-122.39636999999999,2008-05-21 05:54:09,0
442,37.78311,-122.39326000000001,2008-05-21 05:53:05,0
442,37.78021,-122.39084,2008-05-21 05:52:05,0
442,37.7779,-122.39393999999999,2008-05-21 05:51:10,0
442,37.77412,-122.3986,2008-05-21 05:50:09,0
442,37.77152,-122.4021,2008-05-21 05:49:09,0
442,37.76726,-122.40377,2008-05-21 05:48:04,0
442,37.76582,-122.40353999999999,2008-05-21 05:47:14,0
442,37.76204,-122.40326,2008-05-21 05:46:14,0
442,37.75979,-122.40088,2008-05-21 05:45:14,0
442,37.75577,-122.39875,2008-05-21 05:44:13,0
442,37.75329,-122.39686,2008-05-21 05:43:13,0
442,37.74987,-122.39623999999999,2008-05-21 05:42:14,0
442,37.751290000000004,-122.3952,2008-05-21 05:41:11,0
442,37.75139,-122.39482,2008-05-21 05:40:11,0
442,37.75139,-122.39481,2008-05-21 05:39:11,0
442,37.7514,-122.39481,2008-05-21 05:38:16,0
442,37.75139,-122.39482,2008-05-21 05:37:11,0
442,37.75139,-122.39481,2008-05-21 05:36:10,0
442,37.75206,-122.39426,2008-05-21 05:35:10,0
442,37.75155,-122.39363,2008-05-21 05:34:09,0
442,37.751540000000006,-122.39362,2008-05-21 05:33:09,0
442,37.751529999999995,-122.39363,2008-05-21 05:32:08,0
442,37.751540000000006,-122.39363,2008-05-21 05:31:07,0
442,37.751540000000006,-122.39363,2008-05-21 05:30:06,0
442,37.75137,-122.39396,2008-05-21 05:29:06,0
442,37.75137,-122.39528999999999,2008-05-21 05:28:06,0
442,37.75137,-122.39527,2008-05-21 05:27:06,0
442,37.75136,-122.39527,2008-05-21 05:26:06,0
442,37.75139,-122.39531000000001,2008-05-21 05:25:06,0
442,37.75139,-122.39531000000001,2008-05-21 05:24:06,0
442,37.75138,-122.39531000000001,2008-05-21 05:23:25,0
442,37.75203,-122.39436,2008-05-21 05:22:24,0
442,37.750170000000004,-122.39336000000002,2008-05-21 05:21:24,0
442,37.74622,-122.39336000000002,2008-05-21 05:20:24,0
442,37.73615,-122.40405,2008-05-21 05:19:51,0
442,37.727709999999995,-122.40241999999999,2008-05-21 05:18:49,0
442,37.72015,-122.39968999999999,2008-05-21 05:18:21,0
442,37.70689,-122.39453999999999,2008-05-21 05:17:22,0
442,37.69352,-122.39152,2008-05-21 05:16:34,0
442,37.6873,-122.39011,2008-05-21 05:16:10,0
442,37.67372,-122.38978999999999,2008-05-21 05:15:20,0
442,37.663070000000005,-122.40016999999999,2008-05-21 05:14:38,0
442,37.65051,-122.40673000000001,2008-05-21 05:13:43,0
442,37.6372,-122.40433,2008-05-21 05:12:54,0
442,37.62408,-122.40093,2008-05-21 05:12:08,0
442,37.60304,-122.38108000000001,2008-05-21 05:10:32,0
442,37.59454,-122.36798,2008-05-21 05:09:45,0
442,37.58728,-122.35335,2008-05-21 05:08:51,0
442,37.58683,-122.3369,2008-05-21 05:08:03,0
442,37.57908,-122.32287,2008-05-21 05:07:10,0
442,37.56902,-122.31196000000001,2008-05-21 05:06:18,0
442,37.55893,-122.30126000000001,2008-05-21 05:05:28,0
442,37.548159999999996,-122.29123,2008-05-21 05:04:39,0
442,37.5373,-122.28113,2008-05-21 05:03:51,0
442,37.526709999999994,-122.27051000000002,2008-05-21 05:03:05,0
442,37.51676,-122.25926000000001,2008-05-21 05:02:19,0
442,37.50654,-122.24768,2008-05-21 05:01:37,0
442,37.49714,-122.23558,2008-05-21 05:00:45,0
442,37.49176,-122.21986000000001,2008-05-21 05:00:04,0
442,37.48734,-122.2039,2008-05-21 04:59:18,0
442,37.48523,-122.18753000000001,2008-05-21 04:58:34,0
442,37.47135,-122.15937,2008-05-21 04:57:03,0
442,37.463609999999996,-122.14612,2008-05-21 04:56:28,0
442,37.43584,-122.10916999999999,2008-05-21 04:53:58,0
442,37.40953,-122.07196,2008-05-21 04:51:12,0
442,37.38386,-122.06711999999999,2008-05-21 04:49:22,0
442,37.38013,-122.07208,2008-05-21 04:48:26,0
442,37.37726,-122.06505,2008-05-21 04:47:34,0
442,37.37444,-122.05767,2008-05-21 04:46:48,0
442,37.37069,-122.05721000000001,2008-05-21 04:45:52,0
442,37.3669,-122.05503999999999,2008-05-21 04:45:41,0
442,37.3669,-122.05503999999999,2008-05-21 04:45:22,0
442,37.36673,-122.05412,2008-05-21 04:44:36,1
442,37.37612,-122.0624,2008-05-21 04:39:16,1
442,37.37683,-122.06431,2008-05-21 04:38:19,1
442,37.39407,-122.0685,2008-05-21 04:36:27,1
442,37.407340000000005,-122.07014,2008-05-21 04:35:25,1
442,37.4127,-122.08031000000001,2008-05-21 04:34:43,1
442,37.44137,-122.11516999999999,2008-05-21 04:32:17,1
442,37.4519,-122.12648999999999,2008-05-21 04:31:24,1
442,37.46777,-122.15342,2008-05-21 04:29:56,1
442,37.4756,-122.16676000000001,2008-05-21 04:29:07,1
442,37.48322,-122.18038999999999,2008-05-21 04:28:27,1
442,37.48639,-122.19663999999999,2008-05-21 04:27:49,1
442,37.48903,-122.21333999999999,2008-05-21 04:26:55,1
442,37.4949,-122.22827,2008-05-21 04:26:13,1
442,37.50219,-122.24288999999999,2008-05-21 04:25:35,1
442,37.51218,-122.25415,2008-05-21 04:24:41,1
442,37.52233,-122.26563999999999,2008-05-21 04:24:10,1
442,37.53259,-122.27689,2008-05-21 04:23:01,1
442,37.54353,-122.28695,2008-05-21 04:22:15,1
442,37.55424,-122.29700000000001,2008-05-21 04:21:30,1
442,37.56469,-122.30734,2008-05-21 04:20:48,1
442,37.57478,-122.31833,2008-05-21 04:20:05,1
442,37.58498,-122.32938,2008-05-21 04:19:13,1
442,37.586999999999996,-122.34598999999999,2008-05-21 04:18:19,1
442,37.5905,-122.36197,2008-05-21 04:17:32,1
442,37.598729999999996,-122.3747,2008-05-21 04:16:27,1
442,37.607040000000005,-122.38753,2008-05-21 04:15:35,1
442,37.614709999999995,-122.39352,2008-05-21 04:14:42,1
442,37.615,-122.38586000000001,2008-05-21 04:10:18,0
442,37.61541,-122.39095,2008-05-21 04:02:50,0
442,37.61503,-122.39018999999999,2008-05-21 03:58:46,0
442,37.6399,-122.44237,2008-05-21 03:53:51,0
442,37.655429999999996,-122.45837,2008-05-21 03:52:42,0
442,37.68009,-122.47171000000002,2008-05-21 03:51:08,0
442,37.71861,-122.44848,2008-05-21 03:48:27,0
442,37.73023,-122.4391,2008-05-21 03:47:40,0
442,37.7511,-122.40323000000001,2008-05-21 03:44:53,0
442,37.76905,-122.40941000000001,2008-05-21 03:43:14,0
442,37.77065,-122.42241000000001,2008-05-21 03:42:40,0
442,37.772690000000004,-122.42376000000002,2008-05-21 03:41:28,0
442,37.77585,-122.42396000000001,2008-05-21 03:40:23,0
442,37.77729,-122.4231,2008-05-21 03:39:25,0
442,37.78318,-122.42431,2008-05-21 03:38:23,0
442,37.790690000000005,-122.42576000000001,2008-05-21 03:37:22,0
442,37.79524,-122.42673,2008-05-21 03:36:32,0
442,37.79733,-122.42711000000001,2008-05-21 03:35:49,0
442,37.80073,-122.4286,2008-05-21 03:33:47,0
442,37.79997,-122.4345,2008-05-21 03:32:52,0
442,37.79923,-122.44041000000001,2008-05-21 03:31:47,0
442,37.79824,-122.44586000000001,2008-05-21 03:29:00,0
442,37.79593,-122.4469,2008-05-21 03:27:57,0
442,37.79573,-122.44633,2008-05-21 03:26:06,0
442,37.79567,-122.44633999999999,2008-05-21 03:24:56,0
442,37.796170000000004,-122.44205,2008-05-21 03:22:55,0
442,37.79332,-122.44146,2008-05-21 03:21:55,0
442,37.790859999999995,-122.44271,2008-05-21 03:21:00,0
442,37.79067,-122.44273000000001,2008-05-21 03:20:05,0
442,37.79217,-122.44299,2008-05-21 03:18:55,0
442,37.79285,-122.43895,2008-05-21 03:18:20,0
442,37.79864,-122.43915,2008-05-21 03:16:39,0
442,37.799609999999994,-122.43942,2008-05-21 03:15:21,0
442,37.80049,-122.43907,2008-05-21 03:14:32,0
442,37.80095,-122.43646000000001,2008-05-21 03:13:17,0
442,37.80297,-122.43436000000001,2008-05-21 03:12:16,0
442,37.803779999999996,-122.42805,2008-05-21 03:11:16,0
442,37.805690000000006,-122.4209,2008-05-21 03:09:15,0
442,37.80787,-122.4188,2008-05-21 03:08:25,0
442,37.80815,-122.41667,2008-05-21 03:07:27,0
442,37.80854,-122.41585,2008-05-21 03:06:13,0
442,37.80879,-122.41251000000001,2008-05-21 03:05:12,0
442,37.80875,-122.41247,2008-05-21 03:05:11,1
442,37.808170000000004,-122.40942,2008-05-21 03:04:09,1
442,37.80734,-122.40693,2008-05-21 03:03:01,1
442,37.80469,-122.40347,2008-05-21 03:02:06,1
442,37.79784,-122.40213999999999,2008-05-21 03:00:03,1
442,37.79371,-122.40173,2008-05-21 02:59:00,1
442,37.792840000000005,-122.40155,2008-05-21 02:58:00,1
442,37.79252,-122.40352,2008-05-21 02:56:59,1
442,37.791779999999996,-122.40681000000001,2008-05-21 02:55:59,1
442,37.791509999999995,-122.40743,2008-05-21 02:55:00,1
442,37.791340000000005,-122.40738999999999,2008-05-21 02:53:43,0
442,37.79148,-122.40728,2008-05-21 02:52:43,0
442,37.79141,-122.4074,2008-05-21 02:51:49,0
442,37.79144,-122.40733999999999,2008-05-21 02:50:44,0
442,37.79142,-122.40738,2008-05-21 02:49:46,0
442,37.79143,-122.40738,2008-05-21 02:48:40,0
442,37.791540000000005,-122.4073,2008-05-21 02:47:40,0
442,37.79153,-122.40731000000001,2008-05-21 02:46:39,0
442,37.79149,-122.40732,2008-05-21 02:45:43,0
442,37.791509999999995,-122.40728,2008-05-21 02:44:39,0
442,37.79148,-122.40731000000001,2008-05-21 02:43:39,0
442,37.79142,-122.40738999999999,2008-05-21 02:42:39,0
442,37.79141,-122.40733999999999,2008-05-21 02:41:39,0
442,37.79161,-122.40731000000001,2008-05-21 02:40:38,0
442,37.79145,-122.40736000000001,2008-05-21 02:39:44,0
442,37.791509999999995,-122.40723999999999,2008-05-21 02:38:38,0
442,37.791470000000004,-122.40727,2008-05-21 02:37:59,0
442,37.79145,-122.40728999999999,2008-05-21 02:37:49,1
442,37.79145,-122.40728,2008-05-21 02:37:42,0
442,37.7915,-122.40727,2008-05-21 02:36:46,0
442,37.79144,-122.40733999999999,2008-05-21 02:35:40,0
442,37.791909999999994,-122.40938999999999,2008-05-21 02:34:49,0
442,37.789590000000004,-122.41211000000001,2008-05-21 02:33:38,0
442,37.78665,-122.4102,2008-05-21 02:32:38,0
442,37.78712,-122.40941000000001,2008-05-21 02:31:38,0
442,37.78739,-122.40893,2008-05-21 02:30:38,0
442,37.78731,-122.40901000000001,2008-05-21 02:29:38,0
442,37.78714,-122.40491000000002,2008-05-21 02:28:42,0
442,37.78516,-122.4035,2008-05-21 02:27:42,0
442,37.78617,-122.40163999999999,2008-05-21 02:26:42,0
442,37.78494,-122.40042,2008-05-21 02:26:03,0
442,37.78479,-122.40023000000001,2008-05-21 02:25:52,1
442,37.78212,-122.40133,2008-05-21 02:24:52,1
442,37.78123,-122.40226000000001,2008-05-21 02:24:13,1
442,37.77775,-122.40007,2008-05-21 02:23:13,1
442,37.77773,-122.40007,2008-05-21 02:22:52,1
442,37.77494,-122.40061999999999,2008-05-21 02:21:47,1
442,37.76619,-122.39396,2008-05-21 02:20:47,1
442,37.75294,-122.39131,2008-05-21 02:19:53,1
442,37.740520000000004,-122.39871000000001,2008-05-21 02:19:00,1
442,37.72736,-122.4023,2008-05-21 02:18:00,1
442,37.71459,-122.39755,2008-05-21 02:17:12,1
442,37.7086,-122.39495,2008-05-21 02:16:48,1
442,37.695040000000006,-122.39185,2008-05-21 02:15:57,1
442,37.68132,-122.38877,2008-05-21 02:15:08,1
442,37.668620000000004,-122.39384,2008-05-21 02:14:34,1
442,37.64476,-122.40621000000002,2008-05-21 02:12:46,1
442,37.61804,-122.39833,2008-05-21 02:11:03,1
442,37.61647,-122.38597,2008-05-21 01:55:23,0
442,37.61639,-122.38843999999999,2008-05-21 01:05:33,0
442,37.617,-122.38798,2008-05-21 01:05:31,1
442,37.61797,-122.38601000000001,2008-05-21 01:04:03,1
442,37.61752,-122.38492,2008-05-21 01:03:11,1
442,37.66768,-122.39486000000001,2008-05-21 00:57:41,1
442,37.69448,-122.39198999999999,2008-05-21 00:56:13,1
442,37.72045,-122.40008,2008-05-21 00:54:39,1
442,37.76007,-122.40642,2008-05-21 00:51:50,1
442,37.76896,-122.40905,2008-05-21 00:50:58,1
442,37.77048,-122.42218000000001,2008-05-21 00:50:03,1
442,37.77335,-122.42392,2008-05-21 00:49:04,1
442,37.77525,-122.42428000000001,2008-05-21 00:47:48,1
442,37.77532,-122.42433,2008-05-21 00:46:59,1
442,37.7759,-122.42328,2008-05-21 00:45:53,1
442,37.78025,-122.42368,2008-05-21 00:45:04,1
442,37.78472,-122.42456999999999,2008-05-21 00:43:54,1
442,37.788000000000004,-122.42576000000001,2008-05-21 00:42:48,1
442,37.7872,-122.43242,2008-05-21 00:41:47,1
442,37.78886,-122.44062,2008-05-21 00:38:47,1
442,37.792790000000004,-122.44136999999999,2008-05-21 00:36:46,1
442,37.792790000000004,-122.44134,2008-05-21 00:33:46,1
442,37.792790000000004,-122.44131999999999,2008-05-21 00:32:50,1
442,37.79388,-122.43853999999999,2008-05-21 00:32:02,1
442,37.79419,-122.43568,2008-05-21 00:28:58,0
442,37.795320000000004,-122.43513999999999,2008-05-21 00:28:40,0
442,37.7975,-122.43558999999999,2008-05-21 00:28:00,0
442,37.80048,-122.43621999999999,2008-05-21 00:26:04,0
442,37.803020000000004,-122.43688,2008-05-21 00:24:57,0
442,37.80473,-122.43548999999999,2008-05-21 00:23:52,0
442,37.80396,-122.43997,2008-05-21 00:22:53,0
442,37.80044,-122.43952,2008-05-21 00:21:55,0
442,37.796640000000004,-122.43874,2008-05-21 00:20:55,0
442,37.79357,-122.43327,2008-05-21 00:18:53,0
442,37.794090000000004,-122.42911000000001,2008-05-21 00:17:48,0
442,37.79465,-122.42465,2008-05-21 00:16:48,0
442,37.79469,-122.42318999999999,2008-05-21 00:15:58,0
442,37.791109999999996,-122.42235,2008-05-21 00:14:04,0
442,37.7907,-122.41963999999999,2008-05-21 00:13:04,0
442,37.78837,-122.41855,2008-05-21 00:12:04,0
442,37.78835,-122.41856000000001,2008-05-21 00:12:02,1
442,37.78841,-122.41866,2008-05-21 00:11:12,1
442,37.78303,-122.41753,2008-05-21 00:09:07,1
442,37.78132,-122.41712,2008-05-21 00:08:20,1
442,37.781040000000004,-122.41346999999999,2008-05-21 00:07:07,1
442,37.776959999999995,-122.40806,2008-05-21 00:06:11,1
442,37.77494,-122.40558999999999,2008-05-21 00:05:11,1
442,37.77451,-122.40494,2008-05-21 00:05:04,0
442,37.77451,-122.40493000000001,2008-05-21 00:04:42,1
442,37.77452,-122.40491999999999,2008-05-21 00:03:44,1
442,37.77453,-122.40491999999999,2008-05-21 00:03:42,1
442,37.772729999999996,-122.40727,2008-05-21 00:02:48,1
442,37.77397,-122.40876999999999,2008-05-21 00:01:37,1
442,37.77255,-122.41326000000001,2008-05-20 23:59:35,1
442,37.76356,-122.41511000000001,2008-05-20 23:57:40,1
442,37.76208,-122.41542,2008-05-20 23:56:50,1
442,37.76166,-122.42143999999999,2008-05-20 23:54:55,1
442,37.76338,-122.42178999999999,2008-05-20 23:53:37,0
442,37.76509,-122.41906999999999,2008-05-20 23:52:37,0
442,37.76538,-122.41474,2008-05-20 23:51:37,0
442,37.76565,-122.41036000000001,2008-05-20 23:50:58,0
442,37.7659,-122.40992,2008-05-20 23:50:01,0
442,37.76578,-122.40953,2008-05-20 23:47:56,0
442,37.764340000000004,-122.41042,2008-05-20 23:46:58,0
442,37.76361,-122.41564,2008-05-20 23:45:09,0
442,37.76344,-122.41776999999999,2008-05-20 23:44:03,0
442,37.76615,-122.41975,2008-05-20 23:42:09,0
442,37.76934,-122.42018,2008-05-20 23:41:03,0
442,37.77343,-122.41833999999999,2008-05-20 23:40:04,0
442,37.77406,-122.41748999999999,2008-05-20 23:39:03,0
442,37.7849,-122.40028999999998,2008-05-20 22:04:32,1
442,37.781909999999996,-122.4013,2008-05-20 22:03:29,1
442,37.78006,-122.40302,2008-05-20 22:02:34,1
442,37.7777,-122.40006000000001,2008-05-20 22:01:33,1
442,37.774409999999996,-122.39846000000001,2008-05-20 22:00:33,1
442,37.7744,-122.39845,2008-05-20 22:00:23,0
442,37.77053,-122.40321000000002,2008-05-20 21:59:26,0
442,37.76712,-122.4028,2008-05-20 21:58:22,0
442,37.76335,-122.40241999999999,2008-05-20 21:57:41,0
442,37.75973,-122.40172,2008-05-20 21:56:22,0
442,37.75994,-122.39838,2008-05-20 21:55:45,0
442,37.75918,-122.39521,2008-05-20 21:54:55,0
442,37.75527,-122.39288,2008-05-20 21:53:56,0
442,37.75013,-122.39232,2008-05-20 21:52:50,0
442,37.74987,-122.39532,2008-05-20 21:51:50,0
442,37.74994,-122.39533999999999,2008-05-20 21:50:50,0
442,37.74993,-122.39536000000001,2008-05-20 21:49:49,0
442,37.74994,-122.39533999999999,2008-05-20 21:48:48,0
442,37.7514,-122.39483999999999,2008-05-20 21:47:53,0
442,37.751329999999996,-122.39509,2008-05-20 21:46:48,0
442,37.7514,-122.39528,2008-05-20 21:45:48,0
442,37.7514,-122.3953,2008-05-20 21:44:48,0
442,37.75141,-122.39528999999999,2008-05-20 21:43:48,0
442,37.75141,-122.39528999999999,2008-05-20 21:43:04,0
442,37.75139,-122.39533,2008-05-20 21:42:04,0
442,37.75138,-122.39528999999999,2008-05-20 21:41:04,0
442,37.75205,-122.39379,2008-05-20 21:40:04,0
442,37.750209999999996,-122.39338000000001,2008-05-20 21:39:04,0
442,37.741170000000004,-122.39844,2008-05-20 21:38:08,0
442,37.728120000000004,-122.40258999999999,2008-05-20 21:37:06,0
442,37.71533,-122.39808000000001,2008-05-20 21:36:23,0
442,37.70234,-122.39353999999999,2008-05-20 21:35:37,0
442,37.68931,-122.3906,2008-05-20 21:34:53,0
442,37.67581,-122.38878999999999,2008-05-20 21:34:09,0
442,37.653040000000004,-122.40686000000001,2008-05-20 21:32:35,0
442,37.639590000000005,-122.40522,2008-05-20 21:31:48,0
442,37.62657,-122.40136000000001,2008-05-20 21:30:58,0
442,37.61603,-122.39752,2008-05-20 21:30:13,0
442,37.6149,-122.39517,2008-05-20 21:30:06,1
442,37.61466,-122.38972,2008-05-20 21:26:41,1
442,37.6171,-122.39916000000001,2008-05-20 21:25:48,1
442,37.629670000000004,-122.40302,2008-05-20 21:24:57,1
442,37.67927,-122.3885,2008-05-20 21:21:41,1
442,37.692609999999995,-122.39153,2008-05-20 21:20:43,1
442,37.706109999999995,-122.39458,2008-05-20 21:20:00,1
442,37.7193,-122.3997,2008-05-20 21:19:19,1
442,37.73211,-122.40441000000001,2008-05-20 21:18:41,1
442,37.740990000000004,-122.39867,2008-05-20 21:17:47,1
442,37.75322,-122.3916,2008-05-20 21:16:58,1
442,37.76665,-122.39488999999999,2008-05-20 21:16:10,1
442,37.77666,-122.39368,2008-05-20 21:15:06,1
442,37.78032,-122.38904,2008-05-20 21:14:05,1
442,37.7804,-122.38918000000001,2008-05-20 21:13:38,0
442,37.780390000000004,-122.38904,2008-05-20 21:12:40,0
442,37.780359999999995,-122.38898999999999,2008-05-20 21:11:35,0
442,37.78035,-122.38896000000001,2008-05-20 21:10:44,0
442,37.78035,-122.38898,2008-05-20 21:09:40,0
442,37.78034,-122.38896000000001,2008-05-20 21:08:34,0
442,37.78033,-122.38893,2008-05-20 21:07:34,0
442,37.78046,-122.38908,2008-05-20 21:06:33,0
442,37.78045,-122.38915,2008-05-20 21:05:39,0
442,37.78042,-122.38913000000001,2008-05-20 21:04:46,0
442,37.78047,-122.38918999999999,2008-05-20 21:03:30,0
442,37.78049,-122.38911,2008-05-20 21:02:30,0
442,37.78052,-122.38916,2008-05-20 21:01:29,0
442,37.78072,-122.38853999999999,2008-05-20 21:00:29,0
442,37.77499,-122.39549,2008-05-20 20:59:27,0
442,37.76749,-122.39563000000001,2008-05-20 20:58:36,0
442,37.754459999999995,-122.39166999999999,2008-05-20 20:57:34,0
442,37.74191,-122.39783999999999,2008-05-20 20:56:33,0
442,37.730290000000004,-122.40351000000001,2008-05-20 20:55:38,0
442,37.71686,-122.39886000000001,2008-05-20 20:54:35,0
442,37.70367,-122.39383000000001,2008-05-20 20:53:47,0
442,37.69003,-122.39074,2008-05-20 20:53:01,0
442,37.676829999999995,-122.38843999999999,2008-05-20 20:52:09,0
442,37.64114,-122.40575,2008-05-20 20:49:51,0
442,37.62774,-122.402,2008-05-20 20:48:55,0
442,37.61497,-122.39686999999999,2008-05-20 20:48:02,0
442,37.6178,-122.38633,2008-05-20 20:47:02,0
442,37.61508,-122.385,2008-05-20 20:46:10,1
442,37.6152,-122.38545,2008-05-20 20:44:37,1
442,37.615109999999994,-122.3854,2008-05-20 20:44:24,1
442,37.62259,-122.40093,2008-05-20 20:42:23,1
442,37.648959999999995,-122.40673000000001,2008-05-20 20:40:48,1
442,37.68515,-122.38985,2008-05-20 20:38:21,1
442,37.69882,-122.39291999999999,2008-05-20 20:37:40,1
442,37.71205,-122.396,2008-05-20 20:36:46,1
442,37.72475,-122.40178999999999,2008-05-20 20:35:59,1
442,37.73721,-122.40785,2008-05-20 20:35:08,1
442,37.75026,-122.40352,2008-05-20 20:34:12,1
442,37.76362,-122.40518999999999,2008-05-20 20:33:18,1
442,37.76956,-122.41608000000001,2008-05-20 20:32:13,1
442,37.77213,-122.42375,2008-05-20 20:31:25,1
442,37.77513,-122.42435,2008-05-20 20:30:13,1
442,37.775890000000004,-122.42294,2008-05-20 20:29:13,1
442,37.78198,-122.42368,2008-05-20 20:28:13,1
442,37.79064,-122.42566000000001,2008-05-20 20:27:11,1
442,37.79562,-122.4272,2008-05-20 20:26:11,1
442,37.79823,-122.42721999999999,2008-05-20 20:25:10,1
442,37.80104,-122.42799,2008-05-20 20:24:10,1
442,37.80106,-122.42809,2008-05-20 20:24:05,0
442,37.80203,-122.42808000000001,2008-05-20 20:23:01,0
442,37.80324,-122.43003999999999,2008-05-20 20:22:10,0
442,37.80322,-122.43005,2008-05-20 20:21:05,0
442,37.80321,-122.43006000000001,2008-05-20 20:19:59,0
442,37.80322,-122.43008,2008-05-20 20:18:59,0
442,37.80323,-122.43007,2008-05-20 20:17:58,0
442,37.80322,-122.43008,2008-05-20 20:16:58,0
442,37.80322,-122.43007,2008-05-20 20:15:57,0
442,37.8033,-122.42998999999999,2008-05-20 20:14:57,0
442,37.803309999999996,-122.43006000000001,2008-05-20 20:14:10,0
442,37.803329999999995,-122.4301,2008-05-20 20:13:34,0
442,37.803309999999996,-122.4301,2008-05-20 20:12:32,0
442,37.80283,-122.42991,2008-05-20 20:09:42,0
442,37.80167,-122.42963,2008-05-20 20:09:10,0
442,37.79858,-122.43072,2008-05-20 20:08:10,0
442,37.79631,-122.43365,2008-05-20 20:07:10,0
442,37.79495,-122.43158999999999,2008-05-20 20:05:51,0
442,37.79557,-122.42635,2008-05-20 20:04:54,0
442,37.79438,-122.42487,2008-05-20 20:04:14,0
442,37.78908,-122.4237,2008-05-20 20:03:14,0
442,37.78245,-122.42118,2008-05-20 20:02:13,0
442,37.78152,-122.41713,2008-05-20 20:01:13,0
442,37.777190000000004,-122.41603,2008-05-20 20:00:13,0
442,37.77275,-122.40983999999999,2008-05-20 19:59:12,0
442,37.751490000000004,-122.39544,2008-05-20 07:47:39,0
442,37.75155,-122.39544,2008-05-20 07:46:27,0
442,37.75158,-122.39533,2008-05-20 07:45:36,0
442,37.75205,-122.39426,2008-05-20 07:44:37,0
442,37.751259999999995,-122.3926,2008-05-20 07:43:47,0
442,37.76968,-122.39793,2008-05-20 07:41:38,0
442,37.77523,-122.4015,2008-05-20 07:40:38,0
442,37.77935,-122.4067,2008-05-20 07:39:40,0
442,37.78223,-122.40438,2008-05-20 07:38:58,0
442,37.78228,-122.40444,2008-05-20 07:38:43,1
442,37.78505,-122.39986999999999,2008-05-20 07:37:38,1
442,37.78826,-122.39661000000001,2008-05-20 07:36:34,1
442,37.78817,-122.3968,2008-05-20 07:36:25,0
442,37.7907,-122.39951,2008-05-20 07:35:25,0
442,37.79067,-122.40208999999999,2008-05-20 07:34:25,0
442,37.790729999999996,-122.40243999999998,2008-05-20 07:34:24,1
442,37.79061,-122.40393,2008-05-20 07:34:00,1
442,37.787279999999996,-122.40345,2008-05-20 07:32:44,1
442,37.78536,-122.40078999999999,2008-05-20 07:31:44,1
442,37.78692,-122.39955,2008-05-20 07:30:54,1
442,37.78752,-122.40048999999999,2008-05-20 07:30:20,0
442,37.789359999999995,-122.40171000000001,2008-05-20 07:29:24,0
442,37.78946,-122.40163000000001,2008-05-20 07:29:11,1
442,37.79032,-122.40158999999998,2008-05-20 07:28:23,1
442,37.793079999999996,-122.40299999999999,2008-05-20 07:27:15,1
442,37.79565,-122.4035,2008-05-20 07:26:09,1
442,37.797309999999996,-122.40591,2008-05-20 07:25:09,1
442,37.797740000000005,-122.40722,2008-05-20 07:24:08,1
442,37.797290000000004,-122.41072,2008-05-20 07:23:08,1
442,37.795770000000005,-122.42298000000001,2008-05-20 07:22:10,1
442,37.7969,-122.42371999999999,2008-05-20 07:21:11,1
442,37.80064,-122.42448,2008-05-20 07:20:08,1
442,37.80124,-122.42478999999999,2008-05-20 07:19:44,1
442,37.8008,-122.42853000000001,2008-05-20 07:18:59,1
442,37.799859999999995,-122.43567,2008-05-20 07:17:59,1
442,37.800470000000004,-122.43963000000001,2008-05-20 07:16:58,1
442,37.80046,-122.43964,2008-05-20 07:16:03,1
442,37.80053,-122.43961000000002,2008-05-20 07:14:04,1
442,37.801120000000004,-122.44138999999998,2008-05-20 07:13:03,1
442,37.80058,-122.44588999999999,2008-05-20 07:12:08,1
442,37.80057,-122.44587,2008-05-20 07:11:40,0
442,37.80056,-122.44585,2008-05-20 07:10:49,0
442,37.80035,-122.44755,2008-05-20 07:08:52,0
442,37.803340000000006,-122.45105,2008-05-20 07:08:06,0
442,37.80303,-122.45589,2008-05-20 07:07:40,0
442,37.80368,-122.47126000000002,2008-05-20 07:06:41,0
442,37.80742,-122.47516,2008-05-20 07:05:45,0
442,37.80735,-122.47429,2008-05-20 07:04:35,0
442,37.80672,-122.47542,2008-05-20 07:03:45,0
442,37.81116,-122.4776,2008-05-20 07:02:35,0
442,37.82203,-122.4789,2008-05-20 07:01:39,0
442,37.833259999999996,-122.48276000000001,2008-05-20 07:00:40,0
442,37.83972,-122.48208000000001,2008-05-20 06:59:44,0
442,37.845420000000004,-122.47793,2008-05-20 06:58:34,0
442,37.84904,-122.48078000000001,2008-05-20 06:57:39,0
442,37.854209999999995,-122.4789,2008-05-20 06:56:35,0
442,37.85481,-122.47896999999999,2008-05-20 06:55:49,0
442,37.854820000000004,-122.47898,2008-05-20 06:55:06,0
442,37.85478,-122.479,2008-05-20 06:54:10,0
442,37.85478,-122.47903000000001,2008-05-20 06:53:09,0
442,37.85471,-122.4789,2008-05-20 06:52:04,0
442,37.85714,-122.48043999999999,2008-05-20 06:51:11,0
442,37.85855,-122.47888,2008-05-20 06:49:56,1
442,37.8585,-122.47873999999999,2008-05-20 06:48:45,1
442,37.85707,-122.47948000000001,2008-05-20 06:48:22,1
442,37.85707,-122.48069,2008-05-20 06:47:18,1
442,37.86123,-122.48931999999999,2008-05-20 06:45:12,1
442,37.859609999999996,-122.48581000000001,2008-05-20 06:44:21,1
442,37.857409999999994,-122.48116999999999,2008-05-20 06:43:12,1
442,37.85568,-122.47935,2008-05-20 06:42:12,1
442,37.850190000000005,-122.47968999999999,2008-05-20 06:41:14,1
442,37.846920000000004,-122.47883,2008-05-20 06:40:21,1
442,37.84001,-122.47846000000001,2008-05-20 06:39:11,1
442,37.8353,-122.48397,2008-05-20 06:38:11,1
442,37.82569,-122.4792,2008-05-20 06:37:18,1
442,37.81949,-122.47848,2008-05-20 06:36:11,1
442,37.815459999999995,-122.47801000000001,2008-05-20 06:35:28,1
442,37.811640000000004,-122.47757,2008-05-20 06:34:13,1
442,37.809290000000004,-122.47726999999999,2008-05-20 06:33:10,1
442,37.80599,-122.47418,2008-05-20 06:31:15,1
442,37.804809999999996,-122.47295,2008-05-20 06:30:10,1
442,37.80189,-122.46021,2008-05-20 06:29:09,1
442,37.80519,-122.44728,2008-05-20 06:28:24,1
442,37.80588,-122.44187,2008-05-20 06:27:09,1
442,37.80623,-122.43906000000001,2008-05-20 06:26:14,1
442,37.80509,-122.43351000000001,2008-05-20 06:25:17,1
442,37.80341,-122.43151999999999,2008-05-20 06:24:08,1
442,37.80446,-122.42286999999999,2008-05-20 06:22:18,1
442,37.805240000000005,-122.41748,2008-05-20 06:21:17,1
442,37.80576,-122.41273000000001,2008-05-20 06:20:10,1
442,37.80652,-122.40701000000001,2008-05-20 06:19:12,1
442,37.80488,-122.40283000000001,2008-05-20 06:18:06,1
442,37.80256,-122.40036,2008-05-20 06:17:06,1
442,37.79895,-122.39815,2008-05-20 06:16:10,1
442,37.79854,-122.40092,2008-05-20 06:15:05,1
442,37.79855,-122.40151999999999,2008-05-20 06:14:23,0
442,37.79779,-122.40208999999999,2008-05-20 06:13:26,0
442,37.7978,-122.40208999999999,2008-05-20 06:13:20,1
442,37.79524,-122.40156999999999,2008-05-20 06:12:41,1
442,37.792840000000005,-122.4015,2008-05-20 06:11:45,1
442,37.792770000000004,-122.40324,2008-05-20 06:10:45,1
442,37.791709999999995,-122.40741000000001,2008-05-20 06:09:54,1
442,37.79152,-122.40737,2008-05-20 06:09:12,0
442,37.79139,-122.40743,2008-05-20 06:08:11,0
442,37.79149,-122.40737,2008-05-20 06:07:11,0
442,37.79137,-122.40681000000001,2008-05-20 06:06:11,0
442,37.79144,-122.40579,2008-05-20 06:05:15,0
442,37.793859999999995,-122.40281,2008-05-20 06:04:20,0
442,37.79488,-122.40173999999999,2008-05-20 06:04:04,1
442,37.79428,-122.39991,2008-05-20 06:03:00,1
442,37.7951,-122.40021000000002,2008-05-20 06:02:09,1
442,37.7989,-122.40109,2008-05-20 06:00:58,1
442,37.802440000000004,-122.40195,2008-05-20 06:00:04,1
442,37.80243,-122.40195,2008-05-20 05:59:56,0
442,37.80245,-122.40195,2008-05-20 05:58:55,0
442,37.802440000000004,-122.402,2008-05-20 05:57:58,0
442,37.80247,-122.4019,2008-05-20 05:56:55,0
442,37.80437,-122.40256000000001,2008-05-20 05:55:55,0
442,37.80534,-122.40388999999999,2008-05-20 05:55:00,0
442,37.80604,-122.41026000000001,2008-05-20 05:54:10,0
442,37.80775,-122.41246000000001,2008-05-20 05:52:56,0
442,37.80696,-122.41343,2008-05-20 05:51:54,0
442,37.80696,-122.41343,2008-05-20 05:51:53,1
442,37.80622,-122.41365,2008-05-20 05:51:31,1
442,37.8037,-122.41323999999999,2008-05-20 05:50:19,1
442,37.80271,-122.41403000000001,2008-05-20 05:49:14,1
442,37.79976,-122.41423,2008-05-20 05:48:15,1
442,37.795809999999996,-122.41346999999999,2008-05-20 05:47:10,1
442,37.79211,-122.41273000000001,2008-05-20 05:46:08,1
442,37.78797,-122.4119,2008-05-20 05:45:07,1
442,37.78733,-122.40971,2008-05-20 05:44:07,1
442,37.787890000000004,-122.40841,2008-05-20 05:43:10,1
442,37.78799,-122.40841,2008-05-20 05:42:32,0
442,37.78805,-122.40873,2008-05-20 05:41:49,0
442,37.78821,-122.41076000000001,2008-05-20 05:40:31,0
442,37.787659999999995,-122.41273999999999,2008-05-20 05:39:30,0
442,37.786640000000006,-122.41245,2008-05-20 05:38:30,0
442,37.7867,-122.41169,2008-05-20 05:37:30,0
442,37.7873,-122.41073,2008-05-20 05:37:14,1
442,37.78324,-122.41075,2008-05-20 05:36:11,1
442,37.78196,-122.40993,2008-05-20 05:35:48,1
442,37.77943,-122.40678999999999,2008-05-20 05:34:48,1
442,37.77683,-122.4034,2008-05-20 05:33:53,1
442,37.775490000000005,-122.40175,2008-05-20 05:32:48,1
442,37.77202,-122.39782,2008-05-20 05:31:47,1
442,37.759479999999996,-122.39225,2008-05-20 05:30:53,1
442,37.74607,-122.39406000000001,2008-05-20 05:30:09,1
442,37.735459999999996,-122.40465,2008-05-20 05:29:34,1
442,37.72472,-122.40145,2008-05-20 05:28:34,1
442,37.711729999999996,-122.39572,2008-05-20 05:27:45,1
442,37.69843,-122.39267,2008-05-20 05:26:56,1
442,37.68529,-122.3897,2008-05-20 05:26:08,1
442,37.671640000000004,-122.39119,2008-05-20 05:25:25,1
442,37.64865,-122.40653,2008-05-20 05:23:35,1
442,37.63548,-122.40297,2008-05-20 05:22:43,1
442,37.622040000000005,-122.39985,2008-05-20 05:21:47,1
442,37.61537,-122.39223,2008-05-20 05:20:51,1
442,37.615,-122.39001999999999,2008-05-20 05:20:47,1
442,37.61485,-122.39006,2008-05-20 05:17:24,0
442,37.61469,-122.39011,2008-05-20 05:16:15,0
442,37.61416,-122.39492,2008-05-20 05:15:19,0
442,37.615159999999996,-122.39028,2008-05-20 05:07:44,0
442,37.62,-122.40014,2008-05-20 05:06:33,0
442,37.63325,-122.40364,2008-05-20 05:05:50,0
442,37.6964,-122.39238,2008-05-20 05:01:48,0
442,37.71012,-122.39544,2008-05-20 05:01:07,0
442,37.722809999999996,-122.40091000000001,2008-05-20 05:00:29,0
442,37.73597,-122.4042,2008-05-20 04:59:13,0
442,37.74666,-122.39393999999999,2008-05-20 04:58:22,0
442,37.760059999999996,-122.39253000000001,2008-05-20 04:57:46,0
442,37.76529,-122.39487,2008-05-20 04:56:30,0
442,37.76682,-122.3922,2008-05-20 04:55:37,0
442,37.766909999999996,-122.39055,2008-05-20 04:55:11,0
442,37.76688,-122.39056000000001,2008-05-20 04:55:04,1
442,37.76948,-122.3894,2008-05-20 04:54:13,1
442,37.77828,-122.39181,2008-05-20 04:52:12,1
442,37.78001,-122.38986000000001,2008-05-20 04:51:12,1
442,37.78368,-122.39371000000001,2008-05-20 04:50:13,1
442,37.78463,-122.39533,2008-05-20 04:49:24,1
442,37.78536,-122.39403,2008-05-20 04:48:12,1
442,37.78889,-122.39631999999999,2008-05-20 04:47:12,1
442,37.7926,-122.39958999999999,2008-05-20 04:45:12,1
442,37.79379,-122.40008999999999,2008-05-20 04:44:39,1
442,37.79505,-122.40033999999999,2008-05-20 04:43:54,0
442,37.80086,-122.40146000000001,2008-05-20 04:43:05,0
442,37.80406,-122.40218,2008-05-20 04:42:14,0
442,37.805209999999995,-122.40518999999999,2008-05-20 04:39:33,0
442,37.80518,-122.40518999999999,2008-05-20 04:39:26,1
442,37.80387,-122.40333000000001,2008-05-20 04:38:25,1
442,37.79818,-122.4022,2008-05-20 04:37:38,1
442,37.79315,-122.40142,2008-05-20 04:36:23,1
442,37.79315,-122.40142,2008-05-20 04:36:13,1
442,37.79338,-122.40136000000001,2008-05-20 04:35:07,1
442,37.7946,-122.40099,2008-05-20 04:34:04,1
442,37.7941,-122.40137,2008-05-20 04:33:04,1
442,37.79419,-122.40136000000001,2008-05-20 04:32:17,0
442,37.7942,-122.40137,2008-05-20 04:31:16,0
442,37.79456,-122.40149,2008-05-20 04:30:17,0
442,37.79436,-122.40156999999999,2008-05-20 04:29:16,0
442,37.79433,-122.40155,2008-05-20 04:28:16,0
442,37.794109999999996,-122.4015,2008-05-20 04:27:16,0
442,37.79383,-122.4014,2008-05-20 04:26:16,0
442,37.79363,-122.4014,2008-05-20 04:25:25,0
442,37.79379,-122.40144,2008-05-20 04:24:16,0
442,37.79391,-122.40148,2008-05-20 04:23:15,0
442,37.794259999999994,-122.40146999999999,2008-05-20 04:21:23,0
442,37.79475,-122.40122,2008-05-20 04:19:13,0
442,37.79464,-122.40106999999999,2008-05-20 04:18:17,0
442,37.79466,-122.40111,2008-05-20 04:17:24,0
442,37.79333,-122.40141000000001,2008-05-20 04:16:26,0
442,37.79273,-122.39599,2008-05-20 04:15:11,0
442,37.79273,-122.39599,2008-05-20 04:14:53,0
442,37.79064,-122.39488,2008-05-20 04:14:02,0
442,37.79283,-122.3951,2008-05-20 04:12:49,0
442,37.793079999999996,-122.39448999999999,2008-05-20 04:11:57,0
442,37.79506,-122.3947,2008-05-20 04:10:54,0
442,37.79102,-122.3938,2008-05-20 04:09:48,0
442,37.79141,-122.39277,2008-05-20 04:08:56,0
442,37.7926,-122.39461999999999,2008-05-20 04:07:48,0
442,37.79081,-122.39475,2008-05-20 04:06:46,0
442,37.788959999999996,-122.39171,2008-05-20 04:05:45,0
442,37.785740000000004,-122.39018,2008-05-20 04:04:44,0
442,37.78485,-122.39119,2008-05-20 04:03:49,0
442,37.7821,-122.39258999999998,2008-05-20 04:02:44,0
442,37.78499,-122.39588,2008-05-20 04:01:50,0
442,37.78521,-122.39618,2008-05-20 04:01:43,1
442,37.787690000000005,-122.39996000000001,2008-05-20 04:00:44,1
442,37.78947,-122.40241,2008-05-20 03:59:45,1
442,37.78881,-122.40395,2008-05-20 03:58:44,1
442,37.78833,-122.40843000000001,2008-05-20 03:57:48,1
442,37.7893,-122.40848000000001,2008-05-20 03:57:14,1
442,37.79025,-122.40845,2008-05-20 03:56:09,1
442,37.79128,-122.40902,2008-05-20 03:55:10,1
442,37.79176,-122.41063,2008-05-20 03:54:09,1
442,37.79176,-122.41063,2008-05-20 03:54:05,0
442,37.79179,-122.41063,2008-05-20 03:53:29,0
442,37.79179,-122.41063999999999,2008-05-20 03:52:55,0
442,37.79182,-122.41068,2008-05-20 03:52:00,0
442,37.7917,-122.41073,2008-05-20 03:50:56,0
442,37.7917,-122.41078999999999,2008-05-20 03:49:56,0
442,37.79168,-122.41078,2008-05-20 03:48:56,0
442,37.79169,-122.41072,2008-05-20 03:48:49,0
442,37.79182,-122.41065,2008-05-20 03:47:48,0
442,37.79188,-122.41071000000001,2008-05-20 03:46:48,0
442,37.79166,-122.41073,2008-05-20 03:45:47,0
442,37.79176,-122.41077,2008-05-20 03:44:46,0
442,37.79182,-122.4107,2008-05-20 03:43:45,0
442,37.79168,-122.41073,2008-05-20 03:42:47,0
442,37.79164,-122.41073,2008-05-20 03:41:46,0
442,37.79161,-122.41073,2008-05-20 03:40:44,0
442,37.79193,-122.41078,2008-05-20 03:38:58,0
442,37.79289,-122.41103999999999,2008-05-20 03:37:55,0
442,37.79197,-122.41071000000001,2008-05-20 03:36:53,0
442,37.79189,-122.41068999999999,2008-05-20 03:36:03,0
442,37.7918,-122.41066000000001,2008-05-20 03:34:52,0
442,37.7918,-122.41066000000001,2008-05-20 03:33:52,0
442,37.79179,-122.41063999999999,2008-05-20 03:32:52,0
442,37.79152,-122.41058000000001,2008-05-20 03:31:51,0
442,37.792359999999995,-122.41287,2008-05-20 03:30:53,0
442,37.791509999999995,-122.41323,2008-05-20 03:30:19,0
442,37.79146,-122.41433,2008-05-20 03:29:22,0
442,37.79146,-122.41433,2008-05-20 03:29:17,1
442,37.79141,-122.41431000000001,2008-05-20 03:28:53,1
442,37.791059999999995,-122.4155,2008-05-20 03:27:57,1
442,37.78913,-122.41523000000001,2008-05-20 03:27:06,1
442,37.78346,-122.41418,2008-05-20 03:25:56,1
442,37.77925,-122.411,2008-05-20 03:25:08,1
442,37.775259999999996,-122.40595,2008-05-20 03:23:52,1
442,37.771640000000005,-122.40143,2008-05-20 03:22:56,1
442,37.76735,-122.39613,2008-05-20 03:21:59,1
442,37.76699,-122.39315,2008-05-20 03:21:24,1
442,37.76743,-122.39331000000001,2008-05-20 03:20:09,1
442,37.767920000000004,-122.39396,2008-05-20 03:19:08,1
442,37.76795,-122.39398,2008-05-20 03:18:30,0
442,37.76791,-122.39402,2008-05-20 03:18:05,0
442,37.766659999999995,-122.39341999999999,2008-05-20 03:15:57,0
442,37.76555,-122.39777,2008-05-20 03:15:19,0
442,37.76273,-122.39751000000001,2008-05-20 03:14:13,0
442,37.75999,-122.39726999999999,2008-05-20 03:12:53,0
442,37.75824,-122.39515,2008-05-20 03:11:53,0
442,37.759409999999995,-122.39334,2008-05-20 03:10:53,0
442,37.760059999999996,-122.39513999999998,2008-05-20 03:09:58,0
442,37.760020000000004,-122.39611000000001,2008-05-20 03:09:00,0
442,37.75998,-122.39757,2008-05-20 03:07:55,0
442,37.76001,-122.39643999999998,2008-05-20 03:06:55,0
442,37.75955,-122.39913,2008-05-20 03:05:48,0
442,37.75435,-122.39863999999999,2008-05-20 03:04:48,0
442,37.75121,-122.39641,2008-05-20 03:03:48,0
442,37.75137,-122.39506000000002,2008-05-20 03:02:48,0
442,37.75135,-122.39504,2008-05-20 03:01:47,0
442,37.75134,-122.39501000000001,2008-05-20 03:01:16,0
442,37.75136,-122.39511,2008-05-20 03:00:31,0
